ID,SRNA_NAME,TARGET_NAME,TAXID,ORG_CODE,STRAIN_NAME,SRNA_TYPE,SRNA_LENGTH,SRNA_START,SRNA_END,SRNA_STRAND,TARGET_TYPE,TARGET_LENGTH,TARGET_START,TARGET_END,TARGET_STRAND,REGULATION
1,dsrA,hns,511145,eco,Escherichia coli K12 MG1655,1,87,2025227,2025313,2,1,414,1292509,1292922,2,2
2,dsrA,rbsD,511145,eco,Escherichia coli K12 MG1655,1,87,2025227,2025313,2,1,420,3933351,3933770,1,2
3,dsrA,argR,511145,eco,Escherichia coli K12 MG1655,1,87,2025227,2025313,2,1,471,3384703,3385173,1,2
4,dsrA,ilvI,511145,eco,Escherichia coli K12 MG1655,1,87,2025227,2025313,2,1,1725,85630,87354,1,2
5,ChiX,ybfM,99287,stm,Salmonella enterica subsp. enterica serovar Typhimurium str. LT2,1,80,556005,556084,1,1,1407,749534,750940,1,2
6,dsrA,rpoS,511145,eco,Escherichia coli K12 MG1655,1,87,2025227,2025313,2,1,993,2866559,2867551,2,1
7,GcvB,argT,99287,stm,Salmonella enterica subsp. enterica serovar Typhimurium str. LT2,1,201,3135317,3135517,1,1,783,2465511,2466293,2,2
8,GcvB,dppA,99287,stm,Salmonella enterica subsp. enterica serovar Typhimurium str. LT2,1,201,3135317,3135517,1,1,1608,3814422,3816029,2,2
9,GcvB,gltI,99287,stm,Salmonella enterica subsp. enterica serovar Typhimurium str. LT2,1,201,3135317,3135517,1,1,927,728909,729835,2,2
10,GcvB,livJ,99287,stm,Salmonella enterica subsp. enterica serovar Typhimurium str. LT2,1,201,3135317,3135517,1,1,1098,3734502,3735599,2,2
11,GcvB,livK,99287,stm,Salmonella enterica subsp. enterica serovar Typhimurium str. LT2,1,201,3135317,3135517,1,1,1110,3732393,3733502,2,2
12,GcvB,oppA,99287,stm,Salmonella enterica subsp. enterica serovar Typhimurium str. LT2,1,201,3135317,3135517,1,1,1632,1839608,1841239,2,2
13,GcvB,STM4351,99287,stm,Salmonella enterica subsp. enterica serovar Typhimurium str. LT2,1,201,3135317,3135517,1,1,741,4595404,4596144,2,2
14,micF,ompF,511145,eco,Escherichia coli K12 MG1655,1,93,2313084,2313176,1,1,1089,985894,986982,2,2
15,micC,ompC,511145,eco,Escherichia coli K12 MG1655,1,109,1437121,1437229,1,1,1104,2311646,2312749,2,2
16,oxyS,rpoS,511145,eco,Escherichia coli K12 MG1655,1,110,4158285,4158394,2,1,993,2866559,2867551,2,2
17,oxyS,fhlA,511145,eco,Escherichia coli K12 MG1655,1,110,4158285,4158394,2,1,2079,2854338,2856416,1,2
18,MicA,STY1091,220341,sty,Salmonella enterica subsp. enterica serovar Typhi str. CT18,1,76,2819747,2819822,1,1,1053,1070003,1071055,2,2
19,MicA,lamB,99287,stm,Salmonella enterica subsp. enterica serovar Typhimurium str. LT2,1,79,2966847,2966925,1,1,1359,4452079,4453437,1,2
20,istR,tisB,511145,eco,Escherichia coli K12 MG1655,1,140,3853118,3853257,2,1,90,3853553,3853642,1,2
21,omrA,fepA,511145,eco,Escherichia coli K12 MG1655,1,88,2976102,2976189,2,1,2241,610254,612494,2,2
22,omrA,cirA,511145,eco,Escherichia coli K12 MG1655,1,88,2976102,2976189,2,1,1992,2244778,2246769,2,2
23,omrA,ompR,511145,eco,Escherichia coli K12 MG1655,1,88,2976102,2976189,2,1,720,3535865,3536584,2,2
24,omrA,ompT,511145,eco,Escherichia coli K12 MG1655,1,88,2976102,2976189,2,1,954,584680,585633,2,2
25,omrA,fecA,511145,eco,Escherichia coli K12 MG1655,1,88,2976102,2976189,2,1,2325,4514353,4516677,2,2
26,omrB,fecA,511145,eco,Escherichia coli K12 MG1655,1,82,2976304,2976385,2,1,2325,4514353,4516677,2,2
27,omrB,cirA,511145,eco,Escherichia coli K12 MG1655,1,82,2976304,2976385,2,1,1992,2244778,2246769,2,2
28,omrB,ompR,511145,eco,Escherichia coli K12 MG1655,1,82,2976304,2976385,2,1,720,3535865,3536584,2,2
29,omrB,ompT,511145,eco,Escherichia coli K12 MG1655,1,82,2976304,2976385,2,1,954,584680,585633,2,2
30,omrA,btuB,511145,eco,Escherichia coli K12 MG1655,1,88,2976102,2976189,2,1,1845,4163639,4165483,1,2
31,omrA,glmM,511145,eco,Escherichia coli K12 MG1655,1,88,2976102,2976189,2,1,1338,3322733,3324070,2,2
32,omrA,folP,511145,eco,Escherichia coli K12 MG1655,1,88,2976102,2976189,2,1,849,3324063,3324911,2,2
33,omrB,glmM,511145,eco,Escherichia coli K12 MG1655,1,82,2976304,2976385,2,1,1338,3322733,3324070,2,2
34,omrB,folP,511145,eco,Escherichia coli K12 MG1655,1,82,2976304,2976385,2,1,849,3324063,3324911,2,2
35,rprA,rpoS,511145,eco,Escherichia coli K12 MG1655,1,106,1770372,1770477,1,1,993,2866559,2867551,2,1
36,rseX,ompA,511145,eco,Escherichia coli K12 MG1655,1,91,2033649,2033739,1,1,1041,1019013,1020053,2,1
37,rseX,ompC,511145,eco,Escherichia coli K12 MG1655,1,91,2033649,2033739,1,1,1104,2311646,2312749,2,2
38,rybB,ompC,511145,eco,Escherichia coli K12 MG1655,1,79,887976,888054,2,1,1104,2311646,2312749,2,2
39,ryhB,iscS,511145,eco,Escherichia coli K12 MG1655,1,90,3580927,3581016,2,1,1215,2660317,2661531,2,2
40,rybB,ompW,511145,eco,Escherichia coli K12 MG1655,1,79,887976,888054,2,1,639,1314020,1314658,1,2
41,RybB,ompN,99287,stm,Salmonella enterica subsp. enterica serovar Typhimurium str. LT2,1,89,942544,942632,2,1,1134,1549676,1550809,2,2
42,rydC,yejA,511145,eco,Escherichia coli K12 MG1655,1,64,1491443,1491506,2,1,1815,2272364,2274178,1,2
43,ryhB,fur,511145,eco,Escherichia coli K12 MG1655,1,90,3580927,3581016,2,1,447,710200,710646,2,2
44,ryhB,sdhD,511145,eco,Escherichia coli K12 MG1655,1,90,3580927,3581016,2,1,348,755560,755907,1,2
45,ryhB,sodB,511145,eco,Escherichia coli K12 MG1655,1,90,3580927,3581016,2,1,582,1735378,1735959,1,2
46,ryhB,acnA,511145,eco,Escherichia coli K12 MG1655,1,90,3580927,3581016,2,1,2676,1335831,1338506,1,2
47,ryhB,fumA,511145,eco,Escherichia coli K12 MG1655,1,90,3580927,3581016,2,1,1647,1686731,1688377,2,2
48,Spot_42,galK,511145,eco,Escherichia coli K12 MG1655,1,109,4049899,4050007,1,1,1149,788831,789979,2,2
49,cyaR,luxS,511145,eco,Escherichia coli K12 MG1655,1,87,2167114,2167200,1,1,516,2814218,2814733,2,2
50,cyaR,yqaE,511145,eco,Escherichia coli K12 MG1655,1,87,2167114,2167200,1,1,159,2796870,2797028,2,2
51,cyaR,nadE,511145,eco,Escherichia coli K12 MG1655,1,87,2167114,2167200,1,1,828,1822458,1823285,1,2
52,cyaR,ompX,511145,eco,Escherichia coli K12 MG1655,1,87,2167114,2167200,1,1,516,850450,850965,1,2
53,ryhB,shiA,511145,eco,Escherichia coli K12 MG1655,1,90,3580927,3581016,2,1,1317,2053643,2054959,1,1
54,prrF1,sodB,208964,pae,Pseudomonas aeruginosa PAO1,1,151,5283960,5284110,1,1,582,4893697,4894278,1,2
55,prrF2,sodB,208964,pae,Pseudomonas aeruginosa PAO1,1,148,5284172,5284319,1,1,582,4893697,4894278,1,2
56,ArrF,sodB,322710,avn,Azotobacter vinelandii DJ,1,140,4291687,4291826,1,1,582,3824430,3825011,1,1
57,prrF1,PA4880,208964,pae,Pseudomonas aeruginosa PAO1,1,151,5283960,5284110,1,1,534,5476945,5477478,1,2
58,prrF2,PA4880,208964,pae,Pseudomonas aeruginosa PAO1,1,148,5284172,5284319,1,1,534,5476945,5477478,1,2
59,ArrF,FeSII,322710,avn,Azotobacter vinelandii DJ,1,140,4291687,4291826,1,1,488,4019669,4020156,2,2
60,prrF1,antA,208964,pae,Pseudomonas aeruginosa PAO1,1,151,5283960,5284110,1,1,1395,2829440,2830834,1,2
61,prrF2,antA,208964,pae,Pseudomonas aeruginosa PAO1,1,148,5284172,5284319,1,1,1395,2829440,2830834,1,2
62,ArrF,phbR,322710,avn,Azotobacter vinelandii DJ,1,140,4291687,4291826,1,1,1047,2371675,2372721,1,1
63,MicA,ompX,99287,stm,Salmonella enterica subsp. enterica serovar Typhimurium str. LT2,1,79,2966847,2966925,1,1,516,899534,900049,1,2
64,dicF,ftsZ,511145,eco,Escherichia coli K12 MG1655,1,53,1649382,1649434,1,1,1152,105305,106456,1,2
65,sgrS,rpoS,511145,eco,Escherichia coli K12 MG1655,1,227,77367,77593,1,1,993,2866559,2867551,2,2
66,sgrS,ptsG,511145,eco,Escherichia coli K12 MG1655,1,227,77367,77593,1,1,1434,1157869,1159302,1,2
67,gadY,gadX,511145,eco,Escherichia coli K12 MG1655,1,105,3664864,3664968,1,1,825,3664986,3665810,2,1
68,glmZ,glmS,511145,eco,Escherichia coli K12 MG1655,1,207,3986432,3986638,1,1,1830,3911839,3913668,2,1
69,glmY,glmS,511145,eco,Escherichia coli K12 MG1655,1,184,2691157,2691340,2,1,1830,3911839,3913668,2,1
70,MicX,VC0620,243277,vch,Vibrio cholerae O1 biovar El Tor str. N16961,1,347,893271,893617,2,1,1671,655653,657323,2,2
71,VrrA,VC2213,243277,vch,Vibrio cholerae O1 biovar El Tor str. N16961,1,139,1878684,1878822,1,1,966,2365293,2366258,2,2
72,VrrA,VC0828,243277,vch,Vibrio cholerae O1 biovar El Tor str. N16961,1,139,1878684,1878822,1,1,675,890449,891123,1,2
73,SR1,ahrC,224308,bsu,Bacillus subtilis subsp. subtilis str. 168,1,205,1534070,1534274,1,1,450,2522324,2522773,2,2
76,GcvB,ompR,99287,stm,Salmonella enterica subsp. enterica serovar Typhimurium str. LT2,1,201,3135317,3135517,1,1,720,3659606,3660325,2,2
77,symR,symE,511145,eco,Escherichia coli K12 MG1655,1,77,4579835,4579911,1,1,342,4579499,4579840,2,2
78,sokB,hokB,511145,eco,Escherichia coli K12 MG1655,1,56,1492119,1492174,1,1,150,1491922,1492071,2,2
79,sokB,mokB,511145,eco,Escherichia coli K12 MG1655,1,56,1492119,1492174,1,1,168,1491962,1492129,2,2
80,sokC,hokC,511145,eco,Escherichia coli K12 MG1655,1,55,16952,17006,1,1,153,16751,16903,2,2
81,sokC,mokC,511145,eco,Escherichia coli K12 MG1655,1,55,16952,17006,1,1,210,16751,16960,2,2
83,omrA,gntP,511145,eco,Escherichia coli K12 MG1655,1,88,2976102,2976189,2,1,1344,4549953,4551296,2,2
90,oxyS,yobF,511145,eco,Escherichia coli K12 MG1655,1,110,4158285,4158394,2,1,144,1907448,1907591,2,2
91,oxyS,wrbA,511145,eco,Escherichia coli K12 MG1655,1,110,4158285,4158394,2,1,597,1067112,1067708,2,2
92,RNAIII,spa,426430,sae,Staphylococcus aureus subsp. aureus str. NEWMAN,1,514,2150802,2151315,2,1,1563,73428,74990,2,2
93,RNAIII,hla,426430,sae,Staphylococcus aureus subsp. aureus str. NEWMAN,1,514,2150802,2151315,2,1,960,1176265,1177224,2,1
94,RNAIII,rot,196620,sam,Staphylococcus aureus subsp. aureus MW2,1,514,2107330,2107843,2,1,462,1859615,1860076,2,2
95,NrrF,sdhC,122586,nme,Neisseria meningitidis MC58,1,159,2195866,2196024,1,1,378,962508,962885,1,2
96,NrrF,sdhA,122586,nme,Neisseria meningitidis MC58,1,159,2195866,2196024,1,1,1764,963223,964986,1,2
97,MicX,VC0972,243277,vch,Vibrio cholerae O1 biovar El Tor str. N16961,1,347,893271,893617,2,1,1050,1037891,1038940,1,2
98,gcvB,cycA,511145,eco,Escherichia coli K12 MG1655,1,206,2942696,2942901,1,1,1413,4429864,4431276,1,2
99,Qrr1,VIBHAR_RS16180,338187,vha,Vibrio campbellii ATCC BAA-1116,1,95,2983624,2983718,1,1,618,3512168,3512785,1,2
100,Qrr2,VIBHAR_RS16180,338187,vha,Vibrio campbellii ATCC BAA-1116,1,109,111193,111301,1,1,618,3512168,3512785,1,2
101,Qrr3,VIBHAR_RS16180,338187,vha,Vibrio campbellii ATCC BAA-1116,1,109,555291,555399,2,1,618,3512168,3512785,1,2
102,Qrr4,VIBHAR_RS16180,338187,vha,Vibrio campbellii ATCC BAA-1116,1,109,1833376,1833484,2,1,618,3512168,3512785,1,2
103,FsrA,sdhC,224308,bsu,Bacillus subtilis subsp. subtilis str. 168,1,46,1483560,1483605,1,1,609,2908129,2908737,2,2
104,omrA,fecD,511145,eco,Escherichia coli K12 MG1655,1,88,2976102,2976189,2,1,957,4511458,4512414,2,2
105,omrB,gntP,511145,eco,Escherichia coli K12 MG1655,1,82,2976304,2976385,2,1,1344,4549953,4551296,2,2
106,rdlD,ldrD,511145,eco,Escherichia coli K12 MG1655,1,66,3700136,3700201,1,1,108,3699980,3700087,2,2
107,gcvB,sstT,511145,eco,Escherichia coli K12 MG1655,1,206,2942696,2942901,1,1,1245,3239944,3241188,1,2
108,InvR,ompD,99287,stm,Salmonella enterica subsp. enterica serovar Typhimurium str. LT2,1,93,3044923,3045015,1,1,1089,1655173,1656261,1,2
109,IsrN,STM2765,99287,stm,Salmonella enterica subsp. enterica serovar Typhimurium str. LT2,1,143,2906925,2907067,1,1,267,2907066,2907332,2,1
110,IsrC,msgA,99287,stm,Salmonella enterica subsp. enterica serovar Typhimurium str. LT2,1,288,1329145,1329432,1,1,240,1329466,1329705,2,2
111,ryhB,bfr,511145,eco,Escherichia coli K12 MG1655,1,90,3580927,3581016,2,1,477,3466249,3466725,2,2
112,ryhB,ftnA,511145,eco,Escherichia coli K12 MG1655,1,90,3580927,3581016,2,1,498,1988716,1989213,1,2
113,Qrr1,VC0583,243277,vch,Vibrio cholerae O1 biovar El Tor str. N16961,1,96,1089964,1090059,2,1,611,612566,613176,2,2
114,Qrr2,VC0583,243277,vch,Vibrio cholerae O1 biovar El Tor str. N16961,1,108,48448,48555,1,1,611,612566,613176,2,2
115,Qrr3,VC0583,243277,vch,Vibrio cholerae O1 biovar El Tor str. N16961,1,107,772257,772363,1,1,611,612566,613176,2,2
116,Qrr4,VC0583,243277,vch,Vibrio cholerae O1 biovar El Tor str. N16961,1,107,908201,908307,2,1,611,612566,613176,2,2
117,Qrr1,VCA0939,243277,vch,Vibrio cholerae O1 biovar El Tor str. N16961,1,96,1089964,1090059,2,1,966,890253,891218,1,2
118,Qrr2,VCA0939,243277,vch,Vibrio cholerae O1 biovar El Tor str. N16961,1,108,48448,48555,1,1,966,890253,891218,1,2
119,Qrr3,VCA0939,243277,vch,Vibrio cholerae O1 biovar El Tor str. N16961,1,107,772257,772363,1,1,966,890253,891218,1,2
120,Qrr4,VCA0939,243277,vch,Vibrio cholerae O1 biovar El Tor str. N16961,1,107,908201,908307,2,1,966,890253,891218,1,2
121,Qrr1,luxO,243277,vch,Vibrio cholerae O1 biovar El Tor str. N16961,1,96,1089964,1090059,2,1,1368,1090250,1091617,1,2
122,Qrr2,luxO,243277,vch,Vibrio cholerae O1 biovar El Tor str. N16961,1,108,48448,48555,1,1,1368,1090250,1091617,1,2
123,Qrr3,luxO,243277,vch,Vibrio cholerae O1 biovar El Tor str. N16961,1,107,772257,772363,1,1,1368,1090250,1091617,1,2
124,Qrr4,luxO,243277,vch,Vibrio cholerae O1 biovar El Tor str. N16961,1,107,908201,908307,2,1,1368,1090250,1091617,1,2
125,ryhB,sucB,511145,eco,Escherichia coli K12 MG1655,0,90,3580927,3581016,2,1,1218,761522,762739,1,0
126,ryhB,sucC,511145,eco,Escherichia coli K12 MG1655,0,90,3580927,3581016,2,1,1167,763014,764180,1,0
127,ryhB,sucD,511145,eco,Escherichia coli K12 MG1655,0,90,3580927,3581016,2,1,870,764180,765049,1,0
128,ryhB,gltA,511145,eco,Escherichia coli K12 MG1655,0,90,3580927,3581016,2,1,1284,753185,754468,2,0
129,ryhB,mdh,511145,eco,Escherichia coli K12 MG1655,0,90,3580927,3581016,2,1,939,3383330,3384268,2,0
130,ryhB,icd,511145,eco,Escherichia coli K12 MG1655,0,90,3580927,3581016,2,1,1251,1195123,1196373,1,0
131,oxyS,tolA,511145,eco,Escherichia coli K12 MG1655,0,110,4158285,4158394,2,1,1266,776342,777607,1,0
132,oxyS,tolB,511145,eco,Escherichia coli K12 MG1655,0,110,4158285,4158394,2,1,1293,777740,779032,1,0
133,oxyS,tolR,511145,eco,Escherichia coli K12 MG1655,0,110,4158285,4158394,2,1,429,775849,776277,1,0
134,oxyS,yeaK,511145,eco,Escherichia coli K12 MG1655,0,110,4158285,4158394,2,1,504,1873574,1874077,1,0
135,oxyS,gtrB,511145,eco,Escherichia coli K12 MG1655,0,110,4158285,4158394,2,1,921,2468214,2469134,1,0
136,oxyS,dppD,511145,eco,Escherichia coli K12 MG1655,0,110,4158285,4158394,2,1,984,3702865,3703848,2,0
137,oxyS,rpmG,511145,eco,Escherichia coli K12 MG1655,0,110,4158285,4158394,2,1,168,3811250,3811417,2,0
138,oxyS,gfcB,511145,eco,Escherichia coli K12 MG1655,0,110,4158285,4158394,2,1,645,1048688,1049332,2,0
139,oxyS,fabB,511145,eco,Escherichia coli K12 MG1655,0,110,4158285,4158394,2,1,1221,2440385,2441605,2,0
140,oxyS,mnmH,511145,eco,Escherichia coli K12 MG1655,0,110,4158285,4158394,2,1,1095,530132,531226,2,0
141,oxyS,yccE,511145,eco,Escherichia coli K12 MG1655,0,110,4158285,4158394,2,1,1257,1064036,1065292,1,0
142,oxyS,tusD,511145,eco,Escherichia coli K12 MG1655,0,110,4158285,4158394,2,1,387,3475332,3475718,2,0
143,oxyS,pmbA,511145,eco,Escherichia coli K12 MG1655,0,110,4158285,4158394,2,1,1353,4457959,4459311,1,0
144,oxyS,moaD,511145,eco,Escherichia coli K12 MG1655,0,110,4158285,4158394,2,1,246,819048,819293,1,0
145,oxyS,yeaC,511145,eco,Escherichia coli K12 MG1655,0,110,4158285,4158394,2,1,273,1861702,1861974,2,0
146,ryhB,ybjG,511145,eco,Escherichia coli K12 MG1655,0,90,3580927,3581016,2,1,597,882792,883388,2,0
147,ryhB,paoA,511145,eco,Escherichia coli K12 MG1655,0,90,3580927,3581016,2,1,690,301884,302573,2,0
148,ryhB,yfgO,511145,eco,Escherichia coli K12 MG1655,0,90,3580927,3581016,2,1,1062,2614820,2615881,2,0
149,ryhB,yadS,511145,eco,Escherichia coli K12 MG1655,0,90,3580927,3581016,2,1,624,177001,177624,2,0
150,ryhB,kdpA,511145,eco,Escherichia coli K12 MG1655,0,90,3580927,3581016,2,1,1674,727059,728732,2,0
151,ryhB,citG,511145,eco,Escherichia coli K12 MG1655,0,90,3580927,3581016,2,1,879,646631,647509,2,0
152,ryhB,yagJ,511145,eco,Escherichia coli K12 MG1655,0,90,3580927,3581016,2,1,828,291404,292231,1,0
153,ryhB,sugE,511145,eco,Escherichia coli K12 MG1655,0,90,3580927,3581016,2,1,318,4376875,4377192,1,0
154,ryhB,gspD,511145,eco,Escherichia coli K12 MG1655,0,90,3580927,3581016,2,1,1953,3456377,3458329,1,0
155,ryhB,motA,511145,eco,Escherichia coli K12 MG1655,0,90,3580927,3581016,2,1,888,1976252,1977139,2,0
156,ryhB,pinH,511145,eco,Escherichia coli K12 MG1655,0,90,3580927,3581016,2,1,240,2783065,2783304,2,0
157,ryhB,hyuA,511145,eco,Escherichia coli K12 MG1655,0,90,3580927,3581016,2,1,1386,3010028,3011413,1,0
158,ryhB,ynfF,511145,eco,Escherichia coli K12 MG1655,0,90,3580927,3581016,2,1,2424,1660556,1662979,1,0
159,ryhB,yiaM,511145,eco,Escherichia coli K12 MG1655,0,90,3580927,3581016,2,1,474,3744328,3744801,1,0
160,ryhB,yegK,511145,eco,Escherichia coli K12 MG1655,0,90,3580927,3581016,2,1,762,2151711,2152472,2,0
161,ryhB,ygiQ,511145,eco,Escherichia coli K12 MG1655,0,90,3580927,3581016,2,1,2220,3158927,3161146,2,0
162,ryhB,ydaN,511145,eco,Escherichia coli K12 MG1655,0,90,3580927,3581016,2,1,984,1408050,1409033,1,0
163,ryhB,ykgE,511145,eco,Escherichia coli K12 MG1655,0,90,3580927,3581016,2,1,720,321608,322327,1,0
164,ryhB,yecD,511145,eco,Escherichia coli K12 MG1655,0,90,3580927,3581016,2,1,567,1950832,1951398,1,0
165,ryhB,metH,511145,eco,Escherichia coli K12 MG1655,0,90,3580927,3581016,2,1,3684,4223828,4227511,1,0
166,ryhB,proA,511145,eco,Escherichia coli K12 MG1655,0,90,3580927,3581016,2,1,1254,261503,262756,1,0
167,ryhB,metI,511145,eco,Escherichia coli K12 MG1655,0,90,3580927,3581016,2,1,654,220968,221621,2,0
168,ryhB,mqsA,511145,eco,Escherichia coli K12 MG1655,0,90,3580927,3581016,2,1,396,3167851,3168246,2,0
169,omrA,lit,511145,eco,Escherichia coli K12 MG1655,0,88,2976102,2976189,2,1,894,1198695,1199588,1,0
170,omrA,gmhB,511145,eco,Escherichia coli K12 MG1655,0,88,2976102,2976189,2,1,576,222833,223408,1,0
171,omrA,deoR,511145,eco,Escherichia coli K12 MG1655,0,88,2976102,2976189,2,1,759,881976,882734,2,0
172,omrA,nadA,511145,eco,Escherichia coli K12 MG1655,0,88,2976102,2976189,2,1,1044,782085,783128,1,0
173,omrA,glcD,511145,eco,Escherichia coli K12 MG1655,0,88,2976102,2976189,2,1,1500,3126522,3128021,2,0
174,omrA,uup,511145,eco,Escherichia coli K12 MG1655,0,88,2976102,2976189,2,1,1908,1009964,1011871,1,0
175,omrA,clpB,511145,eco,Escherichia coli K12 MG1655,0,88,2976102,2976189,2,1,2574,2731600,2734173,2,0
176,omrA,yccS,511145,eco,Escherichia coli K12 MG1655,0,88,2976102,2976189,2,1,2154,1021730,1023883,2,0
177,omrA,cydD,511145,eco,Escherichia coli K12 MG1655,0,88,2976102,2976189,2,1,1767,929196,930962,2,0
178,omrA,ydbC,511145,eco,Escherichia coli K12 MG1655,0,88,2976102,2976189,2,1,861,1474221,1475081,1,0
179,omrA,hisM,511145,eco,Escherichia coli K12 MG1655,0,88,2976102,2976189,2,1,717,2424517,2425233,2,0
180,omrA,folA,511145,eco,Escherichia coli K12 MG1655,0,88,2976102,2976189,2,1,480,49823,50302,1,0
181,omrA,yadD,511145,eco,Escherichia coli K12 MG1655,0,88,2976102,2976189,2,1,903,146968,147870,1,0
182,omrA,sufD,511145,eco,Escherichia coli K12 MG1655,0,88,2976102,2976189,2,1,1272,1760520,1761791,2,0
183,omrA,mipA,511145,eco,Escherichia coli K12 MG1655,0,88,2976102,2976189,2,1,747,1865726,1866472,2,0
184,omrA,rrrD,511145,eco,Escherichia coli K12 MG1655,0,88,2976102,2976189,2,1,498,577613,578110,1,0
185,omrA,higB,511145,eco,Escherichia coli K12 MG1655,0,88,2976102,2976189,2,1,315,3234141,3234455,2,0
186,omrA,yhbE,511145,eco,Escherichia coli K12 MG1655,0,88,2976102,2976189,2,1,966,3331770,3332735,2,0
187,omrA,csiE,511145,eco,Escherichia coli K12 MG1655,0,88,2976102,2976189,2,1,1281,2665435,2666715,1,0
188,omrA,xylH,511145,eco,Escherichia coli K12 MG1655,0,88,2976102,2976189,2,1,1182,3733720,3734901,1,0
189,omrA,hokD,511145,eco,Escherichia coli K12 MG1655,0,88,2976102,2976189,2,1,156,1645119,1645274,2,0
190,omrA,fdoI,511145,eco,Escherichia coli K12 MG1655,0,88,2976102,2976189,2,1,636,4081225,4081860,2,0
191,omrA,tsaB,511145,eco,Escherichia coli K12 MG1655,0,88,2976102,2976189,2,1,696,1890572,1891267,2,0
192,omrA,yfbT,511145,eco,Escherichia coli K12 MG1655,0,88,2976102,2976189,2,1,651,2411439,2412089,2,0
193,omrA,rlmD,511145,eco,Escherichia coli K12 MG1655,0,88,2976102,2976189,2,1,1302,2913699,2915000,2,0
194,omrA,yzgL,511145,eco,Escherichia coli K12 MG1655,0,88,2976102,2976189,2,1,219,3563787,3564005,2,0
195,omrA,narH,511145,eco,Escherichia coli K12 MG1655,0,88,2976102,2976189,2,1,1539,1283604,1285142,1,0
196,omrA,hofN,511145,eco,Escherichia coli K12 MG1655,0,88,2976102,2976189,2,1,540,3521433,3521972,2,0
197,omrA,yadL,511145,eco,Escherichia coli K12 MG1655,0,88,2976102,2976189,2,1,606,151626,152231,2,0
198,omrA,cheZ,511145,eco,Escherichia coli K12 MG1655,0,88,2976102,2976189,2,1,645,1966393,1967037,2,0
199,omrA,malK,511145,eco,Escherichia coli K12 MG1655,0,88,2976102,2976189,2,1,1116,4246784,4247899,1,0
200,omrA,yaeP,511145,eco,Escherichia coli K12 MG1655,0,88,2976102,2976189,2,1,201,213925,214125,2,0
201,omrA,ssuC,511145,eco,Escherichia coli K12 MG1655,0,88,2976102,2976189,2,1,792,994041,994832,2,0
202,omrA,hokB,511145,eco,Escherichia coli K12 MG1655,0,88,2976102,2976189,2,1,150,1491922,1492071,2,0
203,omrA,ydhT,511145,eco,Escherichia coli K12 MG1655,0,88,2976102,2976189,2,1,813,1748747,1749559,2,0
204,omrB,ykfI,511145,eco,Escherichia coli K12 MG1655,0,82,2976304,2976385,2,1,342,263328,263669,2,0
205,omrB,fryA,511145,eco,Escherichia coli K12 MG1655,0,82,2976304,2976385,2,1,2496,2501990,2504485,2,0
206,omrB,yaeH,511145,eco,Escherichia coli K12 MG1655,0,82,2976304,2976385,2,1,387,183709,184095,2,0
207,omrB,ygaY,511145,eco,Escherichia coli K12 MG1655,0,82,2976304,2976385,2,1,1178,2808316,2809493,1,0
208,omrB,yaiY,511145,eco,Escherichia coli K12 MG1655,0,82,2976304,2976385,2,1,309,399025,399333,2,0
209,omrB,yphD,511145,eco,Escherichia coli K12 MG1655,0,82,2976304,2976385,2,1,999,2675827,2676825,2,0
210,omrB,trxC,511145,eco,Escherichia coli K12 MG1655,0,82,2976304,2976385,2,1,420,2718735,2719154,1,0
211,omrB,ybjE,511145,eco,Escherichia coli K12 MG1655,0,82,2976304,2976385,2,1,900,913958,914857,2,0
212,omrB,fldA,511145,eco,Escherichia coli K12 MG1655,0,82,2976304,2976385,2,1,531,710935,711465,2,0
213,omrB,yjhI,511145,eco,Escherichia coli K12 MG1655,0,82,2976304,2976385,2,1,789,4525015,4525803,2,0
214,omrB,srlB,511145,eco,Escherichia coli K12 MG1655,0,82,2976304,2976385,2,1,372,2827362,2827733,1,0
215,omrB,mutM,511145,eco,Escherichia coli K12 MG1655,0,82,2976304,2976385,2,1,810,3810343,3811152,2,0
216,omrB,acrZ,511145,eco,Escherichia coli K12 MG1655,0,82,2976304,2976385,2,1,150,794773,794922,1,0
217,omrB,ykgJ,511145,eco,Escherichia coli K12 MG1655,0,82,2976304,2976385,2,1,330,303853,304182,2,0
218,omrB,yeeE,511145,eco,Escherichia coli K12 MG1655,0,82,2976304,2976385,2,1,1059,2084467,2085525,2,0
219,omrB,yhdN,511145,eco,Escherichia coli K12 MG1655,0,82,2976304,2976385,2,1,369,3439141,3439509,2,0
220,MicX,VC0253,243277,vch,Vibrio cholerae O1 biovar El Tor str. N16961,0,347,893271,893617,2,1,81,260555,260635,1,0
221,MicX,VC0870,243277,vch,Vibrio cholerae O1 biovar El Tor str. N16961,0,347,893271,893617,2,1,438,935917,936354,1,0
222,MicX,VC1769,243277,vch,Vibrio cholerae O1 biovar El Tor str. N16961,0,347,893271,893617,2,1,2382,1913628,1916009,2,0
223,MicX,tsf,243277,vch,Vibrio cholerae O1 biovar El Tor str. N16961,0,347,893271,893617,2,1,843,2414417,2415259,2,0
224,MicX,VC0402,243277,vch,Vibrio cholerae O1 biovar El Tor str. N16961,0,347,893271,893617,2,1,1680,427707,429386,1,0
225,MicX,cysS,243277,vch,Vibrio cholerae O1 biovar El Tor str. N16961,0,347,893271,893617,2,1,1380,1987276,1988655,2,0
226,MicX,VC1041,243277,vch,Vibrio cholerae O1 biovar El Tor str. N16961,0,347,893271,893617,2,1,468,1109436,1109903,1,0
227,NrrF,bfrA,122586,nme,Neisseria meningitidis MC58,0,159,2195866,2196024,1,1,465,1211119,1211583,2,0
228,NrrF,sodB,122586,nme,Neisseria meningitidis MC58,0,159,2195866,2196024,1,1,588,904942,905529,2,0
229,NrrF,pan1,122586,nme,Neisseria meningitidis MC58,0,159,2195866,2196024,1,1,1173,1687956,1689128,1,0
232,prrF1,antB,208964,pae,Pseudomonas aeruginosa PAO1,0,151,5283960,5284110,1,1,492,2830831,2831322,1,0
233,prrF2,antB,208964,pae,Pseudomonas aeruginosa PAO1,0,148,5284172,5284319,1,1,492,2830831,2831322,1,0
234,prrF1,antC,208964,pae,Pseudomonas aeruginosa PAO1,0,151,5283960,5284110,1,1,1023,2831341,2832363,1,0
235,prrF2,antC,208964,pae,Pseudomonas aeruginosa PAO1,0,148,5284172,5284319,1,1,1023,2831341,2832363,1,0
236,prrF1,PA2511,208964,pae,Pseudomonas aeruginosa PAO1,0,151,5283960,5284110,1,1,1002,2828122,2829123,2,0
237,prrF2,PA2511,208964,pae,Pseudomonas aeruginosa PAO1,0,148,5284172,5284319,1,1,1002,2828122,2829123,2,0
238,prrF1,PA2682,208964,pae,Pseudomonas aeruginosa PAO1,0,151,5283960,5284110,1,1,1242,3029187,3030428,1,0
239,prrF2,PA2682,208964,pae,Pseudomonas aeruginosa PAO1,0,148,5284172,5284319,1,1,1242,3029187,3030428,1,0
240,prrF1,fdnH,208964,pae,Pseudomonas aeruginosa PAO1,0,151,5283960,5284110,1,1,930,5397690,5398619,2,0
241,prrF2,fdnH,208964,pae,Pseudomonas aeruginosa PAO1,0,148,5284172,5284319,1,1,930,5397690,5398619,2,0
242,prrF1,katA,208964,pae,Pseudomonas aeruginosa PAO1,0,151,5283960,5284110,1,1,1449,4752260,4753708,2,0
243,prrF2,katA,208964,pae,Pseudomonas aeruginosa PAO1,0,148,5284172,5284319,1,1,1449,4752260,4753708,2,0
244,prrF1,napA,208964,pae,Pseudomonas aeruginosa PAO1,0,151,5283960,5284110,1,1,2490,1273309,1275798,2,0
245,prrF2,napA,208964,pae,Pseudomonas aeruginosa PAO1,0,148,5284172,5284319,1,1,2490,1273309,1275798,2,0
246,prrF1,sdhA,208964,pae,Pseudomonas aeruginosa PAO1,0,151,5283960,5284110,1,1,1773,1721496,1723268,1,0
247,prrF2,sdhA,208964,pae,Pseudomonas aeruginosa PAO1,0,148,5284172,5284319,1,1,1773,1721496,1723268,1,0
248,prrF1,sdhB,208964,pae,Pseudomonas aeruginosa PAO1,0,151,5283960,5284110,1,1,708,1723280,1723987,1,0
249,prrF2,sdhB,208964,pae,Pseudomonas aeruginosa PAO1,0,148,5284172,5284319,1,1,708,1723280,1723987,1,0
250,prrF1,sdhC,208964,pae,Pseudomonas aeruginosa PAO1,0,151,5283960,5284110,1,1,387,1720744,1721130,1,0
251,prrF2,sdhC,208964,pae,Pseudomonas aeruginosa PAO1,0,148,5284172,5284319,1,1,387,1720744,1721130,1,0
252,prrF1,bfrB,208964,pae,Pseudomonas aeruginosa PAO1,0,151,5283960,5284110,1,1,477,3950284,3950760,1,0
253,prrF2,bfrB,208964,pae,Pseudomonas aeruginosa PAO1,0,148,5284172,5284319,1,1,477,3950284,3950760,1,0
254,ArrF,aceE,322710,avn,Azotobacter vinelandii DJ,0,140,4291687,4291826,1,1,2670,4547601,4550270,1,0
255,ArrF,aceF,322710,avn,Azotobacter vinelandii DJ,0,140,4291687,4291826,1,1,1923,4550282,4552204,1,0
256,ArrF,gltA,322710,avn,Azotobacter vinelandii DJ,0,140,4291687,4291826,1,1,1284,3084951,3086234,1,0
257,ArrF,acnA,322710,avn,Azotobacter vinelandii DJ,0,140,4291687,4291826,1,1,2688,1991087,1993774,2,0
258,ArrF,sdhC,322710,avn,Azotobacter vinelandii DJ,0,140,4291687,4291826,1,1,234,3084193,3084426,2,0
259,ArrF,sdhD,322710,avn,Azotobacter vinelandii DJ,0,140,4291687,4291826,1,1,369,3083831,3084199,2,0
260,ArrF,sdhA,322710,avn,Azotobacter vinelandii DJ,0,140,4291687,4291826,1,1,1320,3082055,3083374,2,0
261,ArrF,sucA,322710,avn,Azotobacter vinelandii DJ,0,140,4291687,4291826,1,1,2832,3078251,3081082,2,0
262,ArrF,fumB,322710,avn,Azotobacter vinelandii DJ,0,140,4291687,4291826,1,1,1512,3887608,3889119,1,0
263,ArrF,prpB,322710,avn,Azotobacter vinelandii DJ,0,140,4291687,4291826,1,1,888,2316069,2316956,1,0
264,FinP,traJ,511145,eco,Escherichia coli K12 MG1655,1,0,0,0,,1,0,0,0,,2
265,SgrS,ompX,99287,stm,Salmonella enterica subsp. enterica serovar Typhimurium str. LT2,0,239,128574,128812,2,1,516,899534,900049,1,0
266,SroB,ompX,99287,stm,Salmonella enterica subsp. enterica serovar Typhimurium str. LT2,0,81,556005,556085,2,1,516,899534,900049,1,0
267,SroC,ompX,99287,stm,Salmonella enterica subsp. enterica serovar Typhimurium str. LT2,0,152,728762,728913,2,1,516,899534,900049,1,0
268,RybB,ompX,99287,stm,Salmonella enterica subsp. enterica serovar Typhimurium str. LT2,0,89,942544,942632,2,1,516,899534,900049,1,0
269,SraB,ompX,99287,stm,Salmonella enterica subsp. enterica serovar Typhimurium str. LT2,0,166,1275071,1275236,1,1,516,899534,900049,1,0
270,RyhB-2,ompX,99287,stm,Salmonella enterica subsp. enterica serovar Typhimurium str. LT2,0,113,1352875,1352987,2,1,516,899534,900049,1,0
271,rprA,ompX,99287,stm,Salmonella enterica subsp. enterica serovar Typhimurium str. LT2,0,107,1444831,1444937,2,1,516,899534,900049,1,0
272,RydB,ompX,99287,stm,Salmonella enterica subsp. enterica serovar Typhimurium str. LT2,0,95,1450426,1450520,1,1,516,899534,900049,1,0
273,RydC,ompX,99287,stm,Salmonella enterica subsp. enterica serovar Typhimurium str. LT2,0,63,1729673,1729735,1,1,516,899534,900049,1,0
274,MicC,ompX,99287,stm,Salmonella enterica subsp. enterica serovar Typhimurium str. LT2,0,109,1745678,1745786,2,1,516,899534,900049,1,0
275,RyeB,ompX,99287,stm,Salmonella enterica subsp. enterica serovar Typhimurium str. LT2,0,104,1968053,1968156,2,1,516,899534,900049,1,0
276,dsrA,ompX,99287,stm,Salmonella enterica subsp. enterica serovar Typhimurium str. LT2,0,90,2068650,2068739,2,1,516,899534,900049,1,0
277,RseX,ompX,99287,stm,Salmonella enterica subsp. enterica serovar Typhimurium str. LT2,0,134,2077136,2077269,1,1,516,899534,900049,1,0
278,RyeC,ompX,99287,stm,Salmonella enterica subsp. enterica serovar Typhimurium str. LT2,0,146,2213871,2214016,1,1,516,899534,900049,1,0
279,micF,ompX,99287,stm,Salmonella enterica subsp. enterica serovar Typhimurium str. LT2,0,181,2366830,2367010,2,1,516,899534,900049,1,0
280,RyfA,ompX,99287,stm,Salmonella enterica subsp. enterica serovar Typhimurium str. LT2,0,295,2674934,2675228,1,1,516,899534,900049,1,0
281,GlmY,ompX,99287,stm,Salmonella enterica subsp. enterica serovar Typhimurium str. LT2,0,184,2707664,2707847,2,1,516,899534,900049,1,0
282,MicA,yneM,511145,eco,Escherichia coli K12 MG1655,0,78,2814802,2814879,1,1,96,1622646,1622741,1,0
283,InvR,ompX,99287,stm,Salmonella enterica subsp. enterica serovar Typhimurium str. LT2,0,93,3044923,3045015,1,1,516,899534,900049,1,0
284,csrB,ompX,99287,stm,Salmonella enterica subsp. enterica serovar Typhimurium str. LT2,0,355,3116696,3117050,2,1,516,899534,900049,1,0
285,GcvB,ompX,99287,stm,Salmonella enterica subsp. enterica serovar Typhimurium str. LT2,0,201,3135317,3135517,1,1,516,899534,900049,1,0
286,OmrA,ompX,99287,stm,Salmonella enterica subsp. enterica serovar Typhimurium str. LT2,0,87,3170122,3170208,2,1,516,899534,900049,1,0
287,OmrB,ompX,99287,stm,Salmonella enterica subsp. enterica serovar Typhimurium str. LT2,0,85,3170324,3170408,2,1,516,899534,900049,1,0
288,SsrS,ompX,99287,stm,Salmonella enterica subsp. enterica serovar Typhimurium str. LT2,0,183,3222098,3222280,1,1,516,899534,900049,1,0
289,RygC,ompX,99287,stm,Salmonella enterica subsp. enterica serovar Typhimurium str. LT2,0,153,3222913,3223065,1,1,516,899534,900049,1,0
290,RygD,ompX,99287,stm,Salmonella enterica subsp. enterica serovar Typhimurium str. LT2,0,148,3362327,3362474,2,1,516,899534,900049,1,0
291,SraF,ompX,99287,stm,Salmonella enterica subsp. enterica serovar Typhimurium str. LT2,0,193,3392069,3392261,1,1,516,899534,900049,1,0
292,SraH,ompX,99287,stm,Salmonella enterica subsp. enterica serovar Typhimurium str. LT2,0,118,3490383,3490500,1,1,516,899534,900049,1,0
293,RyhB-1,ompX,99287,stm,Salmonella enterica subsp. enterica serovar Typhimurium str. LT2,0,95,3715401,3715495,2,1,516,899534,900049,1,0
294,IstR,ompX,99287,stm,Salmonella enterica subsp. enterica serovar Typhimurium str. LT2,0,130,3998018,3998147,2,1,516,899534,900049,1,0
295,GlmZ,ompX,99287,stm,Salmonella enterica subsp. enterica serovar Typhimurium str. LT2,0,208,4141647,4141854,1,1,516,899534,900049,1,0
296,spf,ompX,99287,stm,Salmonella enterica subsp. enterica serovar Typhimurium str. LT2,0,66,4209066,4209131,1,1,516,899534,900049,1,0
297,CsrC,ompX,99287,stm,Salmonella enterica subsp. enterica serovar Typhimurium str. LT2,0,244,4210157,4210400,1,1,516,899534,900049,1,0
298,OxyS,ompX,99287,stm,Salmonella enterica subsp. enterica serovar Typhimurium str. LT2,0,121,4342866,4342986,2,1,516,899534,900049,1,0
299,SraL,ompX,99287,stm,Salmonella enterica subsp. enterica serovar Typhimurium str. LT2,0,141,4504870,4505010,2,1,516,899534,900049,1,0
300,omrA,ompA,511145,eco,Escherichia coli K12 MG1655,0,88,2976102,2976189,2,1,1041,1019013,1020053,2,0
301,omrA,fimF,511145,eco,Escherichia coli K12 MG1655,0,88,2976102,2976189,2,1,531,4547742,4548272,1,0
302,omrA,csgB,511145,eco,Escherichia coli K12 MG1655,0,88,2976102,2976189,2,1,456,1103951,1104406,1,0
303,omrA,osmB,511145,eco,Escherichia coli K12 MG1655,0,88,2976102,2976189,2,1,219,1343110,1343328,2,0
304,omrA,ybeT,511145,eco,Escherichia coli K12 MG1655,0,88,2976102,2976189,2,1,555,678852,679406,2,0
305,omrB,ompA,511145,eco,Escherichia coli K12 MG1655,0,82,2976304,2976385,2,1,1041,1019013,1020053,2,0
306,omrB,fimF,511145,eco,Escherichia coli K12 MG1655,0,82,2976304,2976385,2,1,531,4547742,4548272,1,0
307,omrB,csgB,511145,eco,Escherichia coli K12 MG1655,0,82,2976304,2976385,2,1,456,1103951,1104406,1,0
308,omrB,osmB,511145,eco,Escherichia coli K12 MG1655,0,82,2976304,2976385,2,1,219,1343110,1343328,2,0
309,omrB,ybeT,511145,eco,Escherichia coli K12 MG1655,0,82,2976304,2976385,2,1,555,678852,679406,2,0
310,omrB,fepA,511145,eco,Escherichia coli K12 MG1655,0,82,2976304,2976385,2,1,2241,610254,612494,2,0
311,ryhB,hns,511145,eco,Escherichia coli K12 MG1655,0,90,3580927,3581016,2,1,414,1292509,1292922,2,0
312,RyhB,ompA,511145,eco,Escherichia coli K12 MG1655,0,90,3580927,3581016,2,1,1041,1019013,1020053,2,0
313,ryhB,ompC,511145,eco,Escherichia coli K12 MG1655,0,90,3580927,3581016,2,1,1104,2311646,2312749,2,0
314,ryhB,ompF,511145,eco,Escherichia coli K12 MG1655,0,90,3580927,3581016,2,1,1089,985894,986982,2,0
315,ryhB,galK,511145,eco,Escherichia coli K12 MG1655,0,90,3580927,3581016,2,1,1149,788831,789979,2,0
316,ryhB,ptsG,511145,eco,Escherichia coli K12 MG1655,0,90,3580927,3581016,2,1,1434,1157869,1159302,1,0
317,Spot_42,ompA,511145,eco,Escherichia coli K12 MG1655,0,109,4049899,4050007,1,1,1041,1019013,1020053,2,0
318,Spot_42,ompC,511145,eco,Escherichia coli K12 MG1655,0,109,4049899,4050007,1,1,1104,2311646,2312749,2,0
319,Spot_42,ompF,511145,eco,Escherichia coli K12 MG1655,0,109,4049899,4050007,1,1,1089,985894,986982,2,0
320,rybB,ompT,511145,eco,Escherichia coli K12 MG1655,0,79,887976,888054,2,1,954,584680,585633,2,0
321,Spot_42,hns,511145,eco,Escherichia coli K12 MG1655,0,109,4049899,4050007,1,1,414,1292509,1292922,2,0
322,Spot_42,dppA,511145,eco,Escherichia coli K12 MG1655,0,109,4049899,4050007,1,1,1608,3706098,3707705,2,0
323,Spot_42,sodB,511145,eco,Escherichia coli K12 MG1655,0,109,4049899,4050007,1,1,582,1735378,1735959,1,0
324,gcvB,sodB,511145,eco,Escherichia coli K12 MG1655,0,206,2942696,2942901,1,1,582,1735378,1735959,1,0
325,gcvB,dksA,511145,eco,Escherichia coli K12 MG1655,0,206,2942696,2942901,1,1,456,160149,160604,2,0
326,gcvB,hns,511145,eco,Escherichia coli K12 MG1655,0,206,2942696,2942901,1,1,414,1292509,1292922,2,0
327,gcvB,ptsG,511145,eco,Escherichia coli K12 MG1655,0,206,2942696,2942901,1,1,1434,1157869,1159302,1,0
328,gcvB,ompA,511145,eco,Escherichia coli K12 MG1655,0,206,2942696,2942901,1,1,1041,1019013,1020053,2,0
329,gcvB,ompC,511145,eco,Escherichia coli K12 MG1655,0,206,2942696,2942901,1,1,1104,2311646,2312749,2,0
330,gcvB,ompF,511145,eco,Escherichia coli K12 MG1655,0,206,2942696,2942901,1,1,1089,985894,986982,2,0
331,MicA,ompT,511145,eco,Escherichia coli K12 MG1655,0,78,2814802,2814879,1,1,954,584680,585633,2,0
332,dsrA,ptsG,511145,eco,Escherichia coli K12 MG1655,0,87,2025227,2025313,2,1,1434,1157869,1159302,1,0
333,dsrA,ompA,511145,eco,Escherichia coli K12 MG1655,0,87,2025227,2025313,2,1,1041,1019013,1020053,2,0
334,dsrA,ompC,511145,eco,Escherichia coli K12 MG1655,0,87,2025227,2025313,2,1,1104,2311646,2312749,2,0
335,dsrA,ompF,511145,eco,Escherichia coli K12 MG1655,0,87,2025227,2025313,2,1,1089,985894,986982,2,0
336,dsrA,galK,511145,eco,Escherichia coli K12 MG1655,0,87,2025227,2025313,2,1,1149,788831,789979,2,0
337,micF,hns,511145,eco,Escherichia coli K12 MG1655,0,93,2313084,2313176,1,1,414,1292509,1292922,2,0
338,micF,ptsG,511145,eco,Escherichia coli K12 MG1655,0,93,2313084,2313176,1,1,1434,1157869,1159302,1,0
339,micF,ompA,511145,eco,Escherichia coli K12 MG1655,0,93,2313084,2313176,1,1,1041,1019013,1020053,2,0
340,micF,ompC,511145,eco,Escherichia coli K12 MG1655,0,93,2313084,2313176,1,1,1104,2311646,2312749,2,0
341,micF,dppA,511145,eco,Escherichia coli K12 MG1655,0,93,2313084,2313176,1,1,1608,3706098,3707705,2,0
342,micF,galK,511145,eco,Escherichia coli K12 MG1655,0,93,2313084,2313176,1,1,1149,788831,789979,2,0
343,MicA,sodB,511145,eco,Escherichia coli K12 MG1655,0,78,2814802,2814879,1,1,582,1735378,1735959,1,0
344,MicA,hns,511145,eco,Escherichia coli K12 MG1655,0,78,2814802,2814879,1,1,414,1292509,1292922,2,0
345,MicA,ptsG,511145,eco,Escherichia coli K12 MG1655,0,78,2814802,2814879,1,1,1434,1157869,1159302,1,0
346,MicA,dppA,511145,eco,Escherichia coli K12 MG1655,0,78,2814802,2814879,1,1,1608,3706098,3707705,2,0
347,MicA,ompC,511145,eco,Escherichia coli K12 MG1655,0,78,2814802,2814879,1,1,1104,2311646,2312749,2,0
348,MicA,ompF,511145,eco,Escherichia coli K12 MG1655,0,78,2814802,2814879,1,1,1089,985894,986982,2,0
349,MicA,galK,511145,eco,Escherichia coli K12 MG1655,0,78,2814802,2814879,1,1,1149,788831,789979,2,0
350,rprA,sodB,511145,eco,Escherichia coli K12 MG1655,0,106,1770372,1770477,1,1,582,1735378,1735959,1,0
351,rprA,ompA,511145,eco,Escherichia coli K12 MG1655,0,106,1770372,1770477,1,1,1041,1019013,1020053,2,0
352,rprA,ompC,511145,eco,Escherichia coli K12 MG1655,0,106,1770372,1770477,1,1,1104,2311646,2312749,2,0
353,rprA,ompF,511145,eco,Escherichia coli K12 MG1655,0,106,1770372,1770477,1,1,1089,985894,986982,2,0
354,rprA,hns,511145,eco,Escherichia coli K12 MG1655,0,106,1770372,1770477,1,1,414,1292509,1292922,2,0
355,micC,sodB,511145,eco,Escherichia coli K12 MG1655,0,109,1437121,1437229,1,1,582,1735378,1735959,1,0
356,micC,hns,511145,eco,Escherichia coli K12 MG1655,0,109,1437121,1437229,1,1,414,1292509,1292922,2,0
357,micC,ptsG,511145,eco,Escherichia coli K12 MG1655,0,109,1437121,1437229,1,1,1434,1157869,1159302,1,0
358,micC,ompA,511145,eco,Escherichia coli K12 MG1655,0,109,1437121,1437229,1,1,1041,1019013,1020053,2,0
359,micC,dppA,511145,eco,Escherichia coli K12 MG1655,0,109,1437121,1437229,1,1,1608,3706098,3707705,2,0
360,micC,ompF,511145,eco,Escherichia coli K12 MG1655,0,109,1437121,1437229,1,1,1089,985894,986982,2,0
361,micC,galK,511145,eco,Escherichia coli K12 MG1655,0,109,1437121,1437229,1,1,1149,788831,789979,2,0
362,sgrS,sodB,511145,eco,Escherichia coli K12 MG1655,0,227,77367,77593,1,1,582,1735378,1735959,1,0
363,sgrS,hns,511145,eco,Escherichia coli K12 MG1655,0,227,77367,77593,1,1,414,1292509,1292922,2,0
364,fnrS,narK,511145,eco,Escherichia coli K12 MG1655,0,122,1409129,1409250,1,1,1392,1277957,1279348,1,0
365,sgrS,ompA,511145,eco,Escherichia coli K12 MG1655,0,227,77367,77593,1,1,1041,1019013,1020053,2,0
366,sgrS,dppA,511145,eco,Escherichia coli K12 MG1655,0,227,77367,77593,1,1,1608,3706098,3707705,2,0
367,sgrS,ompF,511145,eco,Escherichia coli K12 MG1655,0,227,77367,77593,1,1,1089,985894,986982,2,0
368,sgrS,ompC,511145,eco,Escherichia coli K12 MG1655,0,227,77367,77593,1,1,1104,2311646,2312749,2,0
369,IhtA,hctA,471472,ctb,Chlamydia trachomatis 434/Bu,1,0,0,0,,1,378,142722,143099,2,2
370,lmos84,lmo0850,169963,lmo,Listeria monocytogenes EGD-e,1,269,2346166,2346434,2,1,147,890069,890215,1,2
371,lmos84,lmo1883,169963,lmo,Listeria monocytogenes EGD-e,1,269,2346166,2346434,2,1,1059,1955598,1956656,2,2
372,lmos84,lmo1666,169963,lmo,Listeria monocytogenes EGD-e,0,269,2346166,2346434,1,1,5136,1717193,1722328,2,0
373,lmos84,lmo1269,169963,lmo,Listeria monocytogenes EGD-e,0,269,2346166,2346434,1,1,567,1293088,1293654,1,0
374,lmos84,kdpB,169963,lmo,Listeria monocytogenes EGD-e,0,269,2346166,2346434,1,1,2046,2753523,2755568,2,0
375,omrB,csgD,511145,eco,Escherichia coli K12 MG1655,1,82,2976304,2976385,2,1,651,1102546,1103196,2,2
376,omrA,csgD,511145,eco,Escherichia coli K12 MG1655,1,88,2976102,2976189,2,1,651,1102546,1103196,2,2
377,fnrS,sodA,511145,eco,Escherichia coli K12 MG1655,1,122,1409129,1409250,1,1,621,4100810,4101430,1,2
378,fnrS,sodB,511145,eco,Escherichia coli K12 MG1655,1,122,1409129,1409250,1,1,582,1735378,1735959,1,2
379,fnrS,metE,511145,eco,Escherichia coli K12 MG1655,1,122,1409129,1409250,1,1,2262,4013053,4015314,1,2
380,fnrS,cydD,511145,eco,Escherichia coli K12 MG1655,1,122,1409129,1409250,1,1,1767,929196,930962,2,2
381,MicA,phoP,511145,eco,Escherichia coli K12 MG1655,1,78,2814802,2814879,1,1,672,1189776,1190447,2,2
382,ArcZ,STM3216,99287,stm,Salmonella enterica subsp. enterica serovar Typhimurium str. LT2,1,118,3490383,3490500,1,1,1566,3380802,3382367,2,2
383,ArcZ,sdaC,99287,stm,Salmonella enterica subsp. enterica serovar Typhimurium str. LT2,1,118,3490383,3490500,1,1,1290,3120771,3122060,1,2
384,ArcZ,tpx,99287,stm,Salmonella enterica subsp. enterica serovar Typhimurium str. LT2,1,118,3490383,3490500,1,1,507,1775584,1776090,1,2
385,Yfr1,PMM1119,59919,pmm,Prochlorococcus marinus subsp. pastoris str. CCMP1986,1,56,1000742,1000797,2,1,1143,1065058,1066200,2,2
386,Yfr1,PMM1121,59919,pmm,Prochlorococcus marinus subsp. pastoris str. CCMP1986,1,56,1000742,1000797,2,1,1146,1068274,1069419,2,2
387,Yfr1,PMM1697,59919,pmm,Prochlorococcus marinus subsp. pastoris str. CCMP1986,0,56,1000742,1000797,2,1,1020,1632707,1633726,1,0
388,Yfr1,PMM0538,59919,pmm,Prochlorococcus marinus subsp. pastoris str. CCMP1986,0,56,1000742,1000797,2,1,1227,508827,510053,1,0
389,Yfr1,ppa,59919,pmm,Prochlorococcus marinus subsp. pastoris str. CCMP1986,0,56,1000742,1000797,2,1,588,467424,468011,1,0
390,Yfr1,argJ ,59919,pmm,Prochlorococcus marinus subsp. pastoris str. CCMP1986,0,56,1000742,1000797,2,1,1209,52867,54075,1,0
391,sibC,ibsC,511145,eco,Escherichia coli K12 MG1655,1,140,3056849,3056988,1,1,60,3056890,3056949,2,2
392,SR1,gapA,224308,bsu,Bacillus subtilis subsp. subtilis str. 168,1,205,1534070,1534274,1,1,1008,3481698,3482705,2,1
393,crfA,CCNA_03574,565050,ccs,Caulobacter crescentus NA1000,1,129,3781372,3781500,2,1,2403,3727740,3730142,2,1
394,VR-RNA,colA,195102,cpe,Clostridium perfringens str. 13,1,386,1154972,1155357,2,1,3315,222495,225809,1,1
395,arcZ,rpoS,511145,eco,Escherichia coli K12 MG1655,1,121,3350577,3350697,1,1,993,2866559,2867551,2,1
396,chiX,rpoS,511145,eco,Escherichia coli K12 MG1655,0,84,507204,507287,1,1,993,2866559,2867551,2,0
397,cyaR,rpoS,511145,eco,Escherichia coli K12 MG1655,0,87,2167114,2167200,1,1,993,2866559,2867551,2,0
398,EcpR1,gcrA,1286640,sm2,Sinorhizobium meliloti 2011,1,101,1411709,1411809,1,1,0,0,0,,2
399,rybB,rpoS,511145,eco,Escherichia coli K12 MG1655,0,79,887976,888054,2,1,993,2866559,2867551,2,0
400,fnrS,rpoS,511145,eco,Escherichia coli K12 MG1655,0,122,1409129,1409250,1,1,993,2866559,2867551,2,0
401,micC,rpoS,511145,eco,Escherichia coli K12 MG1655,0,109,1437121,1437229,1,1,993,2866559,2867551,2,0
402,rydC,rpoS,511145,eco,Escherichia coli K12 MG1655,0,64,1491443,1491506,2,1,993,2866559,2867551,2,0
403,mgrR,rpoS,511145,eco,Escherichia coli K12 MG1655,0,98,1622817,1622914,2,1,993,2866559,2867551,2,0
404,sdsR,rpoS,511145,eco,Escherichia coli K12 MG1655,0,121,1923164,1923284,2,1,993,2866559,2867551,2,0
405,micF,rpoS,511145,eco,Escherichia coli K12 MG1655,0,93,2313084,2313176,1,1,993,2866559,2867551,2,0
406,glmY,rpoS,511145,eco,Escherichia coli K12 MG1655,0,184,2691157,2691340,2,1,993,2866559,2867551,2,0
407,MicA,rpoS,511145,eco,Escherichia coli K12 MG1655,0,78,2814802,2814879,1,1,993,2866559,2867551,2,0
408,gcvB,rpoS,511145,eco,Escherichia coli K12 MG1655,0,206,2942696,2942901,1,1,993,2866559,2867551,2,0
409,omrA,rpoS,511145,eco,Escherichia coli K12 MG1655,0,88,2976102,2976189,2,1,993,2866559,2867551,2,0
410,omrB,rpoS,511145,eco,Escherichia coli K12 MG1655,0,82,2976304,2976385,2,1,993,2866559,2867551,2,0
411,ryhB,rpoS,511145,eco,Escherichia coli K12 MG1655,0,90,3580927,3581016,2,1,993,2866559,2867551,2,0
412,gadY,rpoS,511145,eco,Escherichia coli K12 MG1655,0,105,3664864,3664968,1,1,993,2866559,2867551,2,0
413,glmZ,rpoS,511145,eco,Escherichia coli K12 MG1655,0,207,3986432,3986638,1,1,993,2866559,2867551,2,0
414,Spot_42,rpoS,511145,eco,Escherichia coli K12 MG1655,0,109,4049899,4050007,1,1,993,2866559,2867551,2,0
415,rseX,rpoS,511145,eco,Escherichia coli K12 MG1655,0,91,2033649,2033739,1,1,993,2866559,2867551,2,0
416,IS118,rpoS,511145,eco,Escherichia coli K12 MG1655,0,0,0,0,,1,993,2866559,2867551,2,0
417,RsaE,SA0849,158879,sau,Staphylococcus aureus subsp.aureus N315,1,100,975383,975482,1,1,1656,962060,963715,1,2
418,RsaE,oppB,158879,sau,Staphylococcus aureus subsp.aureus N315,1,100,975383,975482,1,1,927,958016,958942,1,2
419,RsaE,sucD,158879,sau,Staphylococcus aureus subsp.aureus N315,1,100,975383,975482,1,1,909,1232447,1233355,1,2
420,RsaE,SA0873,158879,sau,Staphylococcus aureus subsp.aureus N315,1,100,975383,975482,1,1,510,989093,989602,1,2
421,MicA,luxS,511145,eco,Escherichia coli K12 MG1655,1,78,2814802,2814879,1,1,516,2814218,2814733,2,2
422,FasX,ska,160490,spy,Streptococcus pyogenes M1 GAS,1,205,213737,213941,1,1,1323,1647232,1648554,1,1
423,sibB,ibsB,511145,eco,Escherichia coli K12 MG1655,1,136,2153644,2153779,1,1,57,2153681,2153737,2,2
424,mgrR,ygdQ,511145,eco,Escherichia coli K12 MG1655,1,98,1622817,1622914,2,1,714,2970420,2971133,1,2
425,Spot_42,maeA,511145,eco,Escherichia coli K12 MG1655,1,109,4049899,4050007,1,1,1698,1553972,1555669,2,2
426,Spot_42,sthA,511145,eco,Escherichia coli K12 MG1655,1,109,4049899,4050007,1,1,1401,4159390,4160790,2,2
427,Spot_42,fucI,511145,eco,Escherichia coli K12 MG1655,1,109,4049899,4050007,1,1,1776,2935584,2937359,1,2
428,Spot_42,fucK,511145,eco,Escherichia coli K12 MG1655,1,109,4049899,4050007,1,1,1419,2937468,2938886,1,2
429,Spot_42,xylF,511145,eco,Escherichia coli K12 MG1655,1,109,4049899,4050007,1,1,993,3731131,3732123,1,2
430,Spot_42,srlA,511145,eco,Escherichia coli K12 MG1655,1,109,4049899,4050007,1,1,564,2825832,2826395,1,2
431,Spot_42,nanC,511145,eco,Escherichia coli K12 MG1655,1,109,4049899,4050007,1,1,717,4538785,4539501,2,2
432,Spot_42,nanT,511145,eco,Escherichia coli K12 MG1655,1,109,4049899,4050007,1,1,1491,3371084,3372574,2,2
433,Spot_42,lldP,511145,eco,Escherichia coli K12 MG1655,1,109,4049899,4050007,1,1,1656,3777399,3779054,1,2
434,Spot_42,yjiA,511145,eco,Escherichia coli K12 MG1655,1,109,4049899,4050007,1,1,957,4587909,4588865,2,2
435,Spot_42,ytfJ,511145,eco,Escherichia coli K12 MG1655,1,109,4049899,4050007,1,1,555,4438708,4439262,2,2
436,Spot_42,dppB,511145,eco,Escherichia coli K12 MG1655,1,109,4049899,4050007,1,1,1020,3704771,3705790,2,1
437,Spot_42,gss,511145,eco,Escherichia coli K12 MG1655,1,109,4049899,4050007,1,1,1860,3136663,3138522,2,1
438,TfoR,VC1153,243277,vch,Vibrio cholerae O1 biovar El Tor str. N16961,1,102,2236608,2236709,1,1,609,1224975,1225583,1,1
439,AbcR1,Atu2422,176299,atu,Agrobacterium fabrum str. C58,1,117,2163254,2163370,1,1,1119,2394505,2395623,2,2
440,AbcR1,Atu1879,176299,atu,Agrobacterium fabrum str. C58,1,117,2163254,2163370,1,1,774,1860027,1860800,1,2
441,sgrS,manX,511145,eco,Escherichia coli K12 MG1655,1,227,77367,77593,1,1,972,1902048,1903019,1,2
442,rybB,tsx,511145,eco,Escherichia coli K12 MG1655,1,79,887976,888054,2,1,885,431129,432013,2,2
443,rybB,ompA,511145,eco,Escherichia coli K12 MG1655,1,79,887976,888054,2,1,1041,1019013,1020053,2,2
444,rybB,ycfL,511145,eco,Escherichia coli K12 MG1655,1,79,887976,888054,2,1,378,1162247,1162624,1,2
445,rybB,ygiM,511145,eco,Escherichia coli K12 MG1655,1,79,887976,888054,2,1,621,3201207,3201827,1,2
446,ryhB,cysE,511145,eco,Escherichia coli K12 MG1655,1,90,3580927,3581016,2,1,822,3781741,3782562,2,2
447,rybB,rbsB,511145,eco,Escherichia coli K12 MG1655,1,79,887976,888054,2,1,891,3936278,3937168,1,2
448,rybB,fiu,511145,eco,Escherichia coli K12 MG1655,1,79,887976,888054,2,1,2283,839249,841531,2,2
449,rybB,ompF,511145,eco,Escherichia coli K12 MG1655,1,79,887976,888054,2,1,1089,985894,986982,2,2
450,rybB,fadL,511145,eco,Escherichia coli K12 MG1655,1,79,887976,888054,2,1,1341,2461306,2462646,1,2
451,rybB,nmpC,511145,eco,Escherichia coli K12 MG1655,1,79,887976,888054,2,1,1040,575786,576825,2,2
452,rybB,hinT,511145,eco,Escherichia coli K12 MG1655,1,79,887976,888054,2,1,360,1161885,1162244,1,2
453,rybB,rluD,511145,eco,Escherichia coli K12 MG1655,1,79,887976,888054,2,1,981,2735031,2736011,2,2
454,mgrR,eptB,511145,eco,Escherichia coli K12 MG1655,1,98,1622817,1622914,2,1,1692,3708784,3710475,2,2
455,rybB,yfeK,511145,eco,Escherichia coli K12 MG1655,1,79,887976,888054,2,1,375,2537342,2537716,1,2
456,rybB,fimA,511145,eco,Escherichia coli K12 MG1655,1,79,887976,888054,2,1,549,4543115,4543663,1,2
457,rybB,lamB,511145,eco,Escherichia coli K12 MG1655,1,79,887976,888054,2,1,1341,4247971,4249311,1,2
458,rybB,rraB,511145,eco,Escherichia coli K12 MG1655,1,79,887976,888054,2,1,417,4478473,4478889,1,2
459,rybB,ydeN,511145,eco,Escherichia coli K12 MG1655,1,79,887976,888054,2,1,1683,1580842,1582524,2,2
460,rybB,fumC,511145,eco,Escherichia coli K12 MG1655,1,79,887976,888054,2,1,1404,1685185,1686588,2,2
461,rybB,asr,511145,eco,Escherichia coli K12 MG1655,1,79,887976,888054,2,1,309,1671376,1671684,1,2
462,rybB,rbsK,511145,eco,Escherichia coli K12 MG1655,1,79,887976,888054,2,1,930,3937294,3938223,1,2
463,rybB,yhjJ,511145,eco,Escherichia coli K12 MG1655,1,79,887976,888054,2,1,1497,3680444,3681940,2,2
464,rybB,ompN,511145,eco,Escherichia coli K12 MG1655,0,79,887976,888054,2,1,1134,1435760,1436893,2,0
465,rybB,yhcN,511145,eco,Escherichia coli K12 MG1655,0,79,887976,888054,2,1,264,3385538,3385801,1,0
466,rybB,lpp,511145,eco,Escherichia coli K12 MG1655,0,79,887976,888054,2,1,237,1757421,1757657,1,0
467,MicA,lamB,511145,eco,Escherichia coli K12 MG1655,1,78,2814802,2814879,1,1,1341,4247971,4249311,1,2
468,MicA,ompA,511145,eco,Escherichia coli K12 MG1655,1,78,2814802,2814879,1,1,1041,1019013,1020053,2,2
469,MicA,ompW,511145,eco,Escherichia coli K12 MG1655,1,78,2814802,2814879,1,1,639,1314020,1314658,1,2
470,MicA,tsx,511145,eco,Escherichia coli K12 MG1655,1,78,2814802,2814879,1,1,885,431129,432013,2,2
471,MicA,ygiM,511145,eco,Escherichia coli K12 MG1655,1,78,2814802,2814879,1,1,621,3201207,3201827,1,2
472,MicA,yfeK,511145,eco,Escherichia coli K12 MG1655,1,78,2814802,2814879,1,1,375,2537342,2537716,1,2
473,MicA,ecnB,511145,eco,Escherichia coli K12 MG1655,1,78,2814802,2814879,1,1,147,4376553,4376699,1,2
474,MicA,ompX,511145,eco,Escherichia coli K12 MG1655,1,78,2814802,2814879,1,1,516,850450,850965,1,2
475,MicA,pal,511145,eco,Escherichia coli K12 MG1655,1,78,2814802,2814879,1,1,522,779067,779588,1,2
476,MicA,fimB,511145,eco,Escherichia coli K12 MG1655,1,78,2814802,2814879,1,1,603,4540957,4541559,1,2
477,MicA,gloA,511145,eco,Escherichia coli K12 MG1655,1,78,2814802,2814879,1,1,408,1727837,1728244,1,2
478,MicA,lpxT,511145,eco,Escherichia coli K12 MG1655,1,78,2814802,2814879,1,1,714,2268854,2269567,1,2
479,chiX,citA,511145,eco,Escherichia coli K12 MG1655,1,84,507204,507287,1,1,1659,652235,653893,1,2
480,MicA,ybgF,511145,eco,Escherichia coli K12 MG1655,1,78,2814802,2814879,1,1,792,779598,780389,1,2
481,MicA,ldtC,511145,eco,Escherichia coli K12 MG1655,1,78,2814802,2814879,1,1,963,1169412,1170374,2,2
482,IsrM,sopA,588858,ses,Salmonella enterica subsp. enterica serovar Typhimurium str. 14028S,1,329,2925275,2925603,1,1,2349,2193122,2195470,1,2
483,IsrM,hilE,588858,ses,Salmonella enterica subsp. enterica serovar Typhimurium str. 14028S,1,329,2925275,2925603,1,1,531,4776390,4776920,1,2
484,IsrM,invJ,588858,ses,Salmonella enterica subsp. enterica serovar Typhimurium str. 14028S,1,329,2925275,2925603,1,1,1011,3055483,3056493,2,1
485,IsrM,sipA,588858,ses,Salmonella enterica subsp. enterica serovar Typhimurium str. 14028S,1,329,2925275,2925603,1,1,2058,3044916,3046973,2,1
486,IsrM,sipB,588858,ses,Salmonella enterica subsp. enterica serovar Typhimurium str. 14028S,1,329,2925275,2925603,1,1,1782,3049351,3051132,2,1
487,IsrM,sipC,588858,ses,Salmonella enterica subsp. enterica serovar Typhimurium str. 14028S,1,329,2925275,2925603,1,1,1230,3048094,3049323,2,1
488,IsrM,sipD,588858,ses,Salmonella enterica subsp. enterica serovar Typhimurium str. 14028S,1,329,2925275,2925603,1,1,1032,3046992,3048023,2,1
489,IsrM,sopB,588858,ses,Salmonella enterica subsp. enterica serovar Typhimurium str. 14028S,1,329,2925275,2925603,1,1,1686,1136575,1138260,2,1
490,IsrM,sopE2,588858,ses,Salmonella enterica subsp. enterica serovar Typhimurium str. 14028S,1,329,2925275,2925603,1,1,723,1963417,1964139,2,1
491,IsrM,spaO,588858,ses,Salmonella enterica subsp. enterica serovar Typhimurium str. 14028S,1,329,2925275,2925603,1,1,912,3054572,3055483,2,1
492,IsrM,sptP,588858,ses,Salmonella enterica subsp. enterica serovar Typhimurium str. 14028S,1,329,2925275,2925603,1,1,1632,3042308,3043939,2,1
493,GcvB,ygiU,216597,sey,Salmonella enterica subsp. enterica serovar Typhimurium str. SL1344,1,180,3156779,3156958,1,1,0,0,0,,2
494,GcvB,SL1344_1576,216597,sey,Salmonella enterica subsp. enterica serovar Typhimurium str. SL1344,1,180,3156779,3156958,1,1,2457,1694006,1696642,2,2
495,GcvB,serA,216597,sey,Salmonella enterica subsp. enterica serovar Typhimurium str. SL1344,1,180,3156779,3156958,1,1,1233,3243999,3245231,2,2
496,GcvB,gdhA,216597,sey,Salmonella enterica subsp. enterica serovar Typhimurium str. SL1344,1,180,3156779,3156958,1,1,1344,1335489,1336832,2,2
497,GcvB,cycA,216597,sey,Salmonella enterica subsp. enterica serovar Typhimurium str. SL1344,1,180,3156779,3156958,1,1,1410,4655428,4656837,1,2
498,GcvB,brnQ,216597,sey,Salmonella enterica subsp. enterica serovar Typhimurium str. SL1344,1,180,3156779,3156958,1,1,1320,452744,454063,1,2
499,GcvB,ilvC,216597,sey,Salmonella enterica subsp. enterica serovar Typhimurium str. SL1344,1,180,3156779,3156958,1,1,1476,4138922,4140397,1,2
500,GcvB,thrL,216597,sey,Salmonella enterica subsp. enterica serovar Typhimurium str. SL1344,1,180,3156779,3156958,1,1,87,169,255,1,2
501,GcvB,iciA,216597,sey,Salmonella enterica subsp. enterica serovar Typhimurium str. SL1344,1,180,3156779,3156958,1,1,894,3246310,3247203,1,2
502,GcvB,ilvE,216597,sey,Salmonella enterica subsp. enterica serovar Typhimurium str. SL1344,1,180,3156779,3156958,1,1,930,4132442,4133371,1,2
503,GcvB,lrp,216597,sey,Salmonella enterica subsp. enterica serovar Typhimurium str. SL1344,1,180,3156779,3156958,1,1,495,993279,993773,1,2
504,GcvB,ndk,216597,sey,Salmonella enterica subsp. enterica serovar Typhimurium str. SL1344,1,180,3156779,3156958,1,1,432,2657786,2658217,2,2
505,GcvB,yaeC,216597,sey,Salmonella enterica subsp. enterica serovar Typhimurium str. SL1344,1,180,3156779,3156958,1,1,816,285514,286329,2,2
506,GcvB,tppB,216597,sey,Salmonella enterica subsp. enterica serovar Typhimurium str. SL1344,1,180,3156779,3156958,1,1,0,0,0,,2
507,GcvB,aroP,216597,sey,Salmonella enterica subsp. enterica serovar Typhimurium str. SL1344,1,180,3156779,3156958,1,1,1374,173384,174757,2,2
508,GcvB,putP,216597,sey,Salmonella enterica subsp. enterica serovar Typhimurium str. SL1344,1,180,3156779,3156958,1,1,1509,1168303,1169811,1,2
509,GcvB,sfbA,216597,sey,Salmonella enterica subsp. enterica serovar Typhimurium str. SL1344,1,180,3156779,3156958,1,1,831,570600,571430,1,2
510,GcvB,sfbB,216597,sey,Salmonella enterica subsp. enterica serovar Typhimurium str. SL1344,1,180,3156779,3156958,1,1,1017,571467,572483,1,2
511,GcvB,yecS,216597,sey,Salmonella enterica subsp. enterica serovar Typhimurium str. SL1344,1,180,3156779,3156958,1,1,669,1998929,1999597,2,2
512,GcvB,yifK,216597,sey,Salmonella enterica subsp. enterica serovar Typhimurium str. SL1344,1,180,3156779,3156958,1,1,1386,4160965,4162350,1,2
513,GcvB,astA,216597,sey,Salmonella enterica subsp. enterica serovar Typhimurium str. SL1344,1,180,3156779,3156958,1,1,1035,1340264,1341298,1,2
514,GcvB,argD,216597,sey,Salmonella enterica subsp. enterica serovar Typhimurium str. SL1344,1,180,3156779,3156958,1,1,1227,1339047,1340273,1,2
515,GcvB,pepN,216597,sey,Salmonella enterica subsp. enterica serovar Typhimurium str. SL1344,1,180,3156779,3156958,1,1,2613,1100463,1103075,1,2
516,GcvB,pheA,216597,sey,Salmonella enterica subsp. enterica serovar Typhimurium str. SL1344,1,180,3156779,3156958,1,1,1161,2808670,2809830,1,2
517,GcvB,trpE,216597,sey,Salmonella enterica subsp. enterica serovar Typhimurium str. SL1344,1,180,3156779,3156958,1,1,1563,1775403,1776965,1,2
518,GcvB,dcyD,216597,sey,Salmonella enterica subsp. enterica serovar Typhimurium str. SL1344,1,180,3156779,3156958,1,1,987,1999618,2000604,2,2
519,GcvB,mltC,216597,sey,Salmonella enterica subsp. enterica serovar Typhimurium str. SL1344,0,180,3156779,3156958,1,1,1086,3290856,3291941,1,0
520,SdsR,ompD,216597,sey,Salmonella enterica subsp. enterica serovar Typhimurium str. SL1344,1,103,1925621,1925723,2,1,1128,1611987,1613114,1,2
521,scr5239,SCO3471,100226,sco,Streptomyces coelicolor A3(2),1,159,5699861,5700019,2,1,930,3831705,3832634,2,2
522,Qrr2,aphA,338187,vha,Vibrio campbellii ATCC BAA-1116,1,109,111193,111301,1,1,606,47235,47840,1,1
523,Qrr3,aphA,338187,vha,Vibrio campbellii ATCC BAA-1116,1,109,555291,555399,2,1,606,47235,47840,1,1
524,Qrr4,aphA,338187,vha,Vibrio campbellii ATCC BAA-1116,1,109,1833376,1833484,2,1,606,47235,47840,1,1
525,Qrr5,aphA,338187,vha,Vibrio campbellii ATCC BAA-1116,1,107,1080963,1081069,2,1,606,47235,47840,1,1
526,Qrr2,aphA,243277,vch,Vibrio cholerae O1 biovar El Tor str. N16961,1,108,48448,48555,1,1,540,2821501,2822040,1,1
527,Qrr3,aphA,243277,vch,Vibrio cholerae O1 biovar El Tor str. N16961,1,107,772257,772363,1,1,540,2821501,2822040,1,1
528,Qrr4,aphA,243277,vch,Vibrio cholerae O1 biovar El Tor str. N16961,1,107,908201,908307,2,1,540,2821501,2822040,1,1
529,Qrr1,luxR,338187,vha,Vibrio campbellii ATCC BAA-1116,1,95,2983624,2983718,1,1,636,157800,158435,1,2
530,Qrr2,luxR,338187,vha,Vibrio campbellii ATCC BAA-1116,1,109,111193,111301,1,1,636,157800,158435,1,2
531,Qrr3,luxR,338187,vha,Vibrio campbellii ATCC BAA-1116,1,109,555291,555399,2,1,636,157800,158435,1,2
532,Qrr4,luxR,338187,vha,Vibrio campbellii ATCC BAA-1116,1,109,1833376,1833484,2,1,636,157800,158435,1,2
533,Qrr5,luxR,338187,vha,Vibrio campbellii ATCC BAA-1116,1,107,1080963,1081069,2,1,636,157800,158435,1,2
534,Qrr1,luxO,338187,vha,Vibrio campbellii ATCC BAA-1116,1,95,2983624,2983718,1,1,1404,3494750,3496153,1,2
535,Qrr2,luxO,338187,vha,Vibrio campbellii ATCC BAA-1116,1,109,111193,111301,1,1,1404,3494750,3496153,1,2
536,Qrr3,luxO,338187,vha,Vibrio campbellii ATCC BAA-1116,1,109,555291,555399,2,1,1404,3494750,3496153,1,2
537,Qrr4,luxO,338187,vha,Vibrio campbellii ATCC BAA-1116,1,109,1833376,1833484,2,1,1404,3494750,3496153,1,2
538,gcvB,csgD,511145,eco,Escherichia coli K12 MG1655,1,206,2942696,2942901,1,1,651,1102546,1103196,2,2
539,mcaS,csgD,511145,eco,Escherichia coli K12 MG1655,1,96,1405656,1405751,2,1,651,1102546,1103196,2,2
540,mcaS,flhD,511145,eco,Escherichia coli K12 MG1655,1,96,1405656,1405751,2,1,351,1977847,1978197,2,1
542,RyhB-2,yeaQ,216597,sey,Salmonella enterica subsp. enterica serovar Typhimurium str. SL1344,1,113,1309727,1309839,2,1,249,1309991,1310239,1,2
543,rprA,ydaM,511145,eco,Escherichia coli K12 MG1655,1,106,1770372,1770477,1,1,1233,1406563,1407795,2,2
544,rprA,csgD,511145,eco,Escherichia coli K12 MG1655,1,106,1770372,1770477,1,1,651,1102546,1103196,2,2
545,SraG,YPK_1205,502800,ypy,Yersinia pseudotuberculosis YPIII,1,182,4118440,4118621,1,1,780,1337238,1338017,2,2
546,SraG,YPK_1206,502800,ypy,Yersinia pseudotuberculosis YPIII,1,182,4118440,4118621,1,1,378,1338075,1338452,2,2
548,micF,lrp,511145,eco,Escherichia coli K12 MG1655,1,93,2313084,2313176,1,1,495,932595,933089,1,2
549,FsrA,gltA,224308,bsu,Bacillus subtilis subsp. subtilis str. 168,1,84,1483557,1483640,1,1,4563,2010070,2014632,2,2
550,FsrA,lutABC,224308,bsu,Bacillus subtilis subsp. subtilis str. 168,1,46,1483560,1483605,1,1,0,0,0,,2
551,micF,lrp,99287,stm,Salmonella enterica subsp. enterica serovar Typhimurium str. LT2,1,181,2366830,2367010,2,1,495,1036742,1037236,1,2
552,micF,yahO,99287,stm,Salmonella enterica subsp. enterica serovar Typhimurium str. LT2,1,181,2366830,2367010,2,1,276,415676,415951,1,2
553,micF,lpxR,99287,stm,Salmonella enterica subsp. enterica serovar Typhimurium str. LT2,1,181,2366830,2367010,2,1,0,0,0,,2
554,FtrC,FTL_1293,376619,ftl,Francisella tularensis subsp. holarctica LVS,1,196,1489842,1490037,2,1,471,1233021,1233491,1,2
555,MicC,ompD,216597,sey,Salmonella enterica subsp. enterica serovar Typhimurium str. SL1344,1,109,1702531,1702639,2,1,1128,1611987,1613114,1,2
556,RyhB,orf16,1244085,kpc,Klebsiella pneumoniae CG43,1,0,0,0,,1,0,0,0,,1
557,RyhB,LV032,1244085,kpc,Klebsiella pneumoniae CG43,1,0,0,0,,1,318,208796,209113,2,1
558,PcrZ,bchN,272943,rsp,Rhodobacter sphaeroides 2.4.1,1,136,2565819,2565954,1,1,1287,2010941,2012227,1,2
559,PcrZ,puc2A,272943,rsp,Rhodobacter sphaeroides 2.4.1,1,136,2565819,2565954,1,1,792,146592,147383,1,2
560,sgrS,manY,511145,eco,Escherichia coli K12 MG1655,1,227,77367,77593,1,1,801,1903082,1903882,1,2
561,sgrS,manZ,511145,eco,Escherichia coli K12 MG1655,1,227,77367,77593,1,1,852,1903895,1904746,1,2
562,oxyS,flhD,511145,eco,Escherichia coli K12 MG1655,1,110,4158285,4158394,2,1,351,1977847,1978197,2,2
563,omrA,flhD,511145,eco,Escherichia coli K12 MG1655,1,88,2976102,2976189,2,1,351,1977847,1978197,2,2
564,omrB,flhD,511145,eco,Escherichia coli K12 MG1655,1,82,2976304,2976385,2,1,351,1977847,1978197,2,2
565,arcZ,flhD,511145,eco,Escherichia coli K12 MG1655,1,121,3350577,3350697,1,1,351,1977847,1978197,2,2
566,5ureB-sRNA,ureB,85962,hpy,Helicobacter pylori 26695,2,292,76795,77086,1,1,1710,75527,77236,2,2
567,H2cR,hfq2,216591,bcj,Burkholderia cenocepacia J2315,2,0,0,0,,1,137,1704623,1704759,1,2
568,ohsC,shoB,511145,eco,Escherichia coli K12 MG1655,1,77,2700520,2700596,1,1,81,2700117,2700197,2,2
569,OrzO,zorO,386585,ecs,Escherichia coli O157:H7 str. Sakai,1,81,2883467,2883547,1,1,264,2883139,2883402,2,2
570,RydC,STM3820,216597,sey,Salmonella enterica subsp. enterica serovar Typhimurium str. SL1344,1,66,1686526,1686591,1,1,1401,4018596,4019996,2,2
571,SprD,sbi,158879,sau,Staphylococcus aureus subsp.aureus N315,1,141,2007037,2007178,2,1,1311,2476080,2477390,1,2
572,sgrS,yigL,511145,eco,Escherichia coli K12 MG1655,1,227,77367,77593,1,1,801,4010200,4011000,1,1
573,SraL,tig,216597,sey,Salmonella enterica subsp. enterica serovar Typhimurium str. SL1344,1,140,4526163,4526302,2,1,1299,501151,502449,1,2
574,ArtR,sarT,93061,sao,Staphylococcus aureus subsp. aureus NCTC 8325,1,0,0,0,,1,0,0,0,,2
575,NrrF,sdhA,242231,ngo,Neisseria gonorrhoeae FA 1090,1,158,1975966,1976123,2,1,1764,901660,903423,2,2
576,NrrF,sdhB,242231,ngo,Neisseria gonorrhoeae FA 1090,1,158,1975966,1976123,2,1,729,900833,901561,2,2
577,NrrF,sdhC,242231,ngo,Neisseria gonorrhoeae FA 1090,1,158,1975966,1976123,2,1,378,903761,904138,2,2
578,NrrF,sdhD,242231,ngo,Neisseria gonorrhoeae FA 1090,1,158,1975966,1976123,2,1,342,903426,903767,2,2
579,ryhB,cirA,511145,eco,Escherichia coli K12 MG1655,1,90,3580927,3581016,2,1,1992,2244778,2246769,2,1
580,NrsZ,rhlA,208964,pae,Pseudomonas aeruginosa PAO1,1,236,5775397,5775632,1,1,888,3892121,3893008,2,1
581,sibD,ibsD,511145,eco,Escherichia coli K12 MG1655,1,143,3194723,3194865,2,1,60,3194766,3194825,1,2
582,RepG,HP0103,85962,hpy,Helicobacter pylori 26695,1,87,1105620,1105706,1,1,1698,109025,110722,2,2
583,SprX,yabJ-spoVG ,93061,sao,Staphylococcus aureus subsp. aureus NCTC 8325,1,0,0,0,,1,0,0,0,,2
584,Ysr141,yopJ,214092,ypc,Yersinia pestis CO92,1,"255 (254 in the reference, corrected by the curator)",48532,48786,1,1,867,50211,51077,2,1
585,Qrr4,VCA0107,243277,vch,Vibrio cholerae O1 biovar El Tor str. N16961,1,107,908201,908307,2,1,507,116846,117352,1,2
586,Spot_42,VSAL_I1200,316275,vsa,Aliivibrio salmonicida LFI1238,1,119,275173,275291,1,1,852,1309250,1310101,1,1
587,Qrr4,VIBHAR_RS15760,338187,vha,Vibrio campbellii ATCC BAA-1116,1,109,1833376,1833484,2,1,606,3409372,3409977,1,1
588,chiX,chiP,511145,eco,Escherichia coli K12 MG1655,1,84,507204,507287,1,1,1407,708334,709740,1,2
589,sibE,ibsE,511145,eco,Escherichia coli K12 MG1655,1,142,3195099,3195240,2,1,60,3195141,3195200,1,2
590,MtlS,VCA1045,243277,vch,Vibrio cholerae O1 biovar El Tor str. N16961,1,38,994830,994867,1,1,1950,994881,996830,1,2
591,TarA,ptsG,243277,vco,Vibrio cholerae O395,1,99,379287,379385,2,1,1503,1719739,1721241,2,2
592,TarB,VC0837,243277,vch,Vibrio cholerae O1 biovar El Tor str. N16961,1,78,911233,911310,2,1,1017,898673,899689,1,2
594,RyhB,pvsOp,223926,vpa,Vibrio parahaemolyticus RIMD 2210633,1,232,112596,112827,1,1,7249,1775995,1783243,1,1
595,Qrr4,VIBHAR_RS21570,338187,vha,Vibrio campbellii ATCC BAA-1116,1,109,246244,246352,1,1,1617,895486,897102,1,2
596,Qrr4,VIBHAR_RS26745,338187,vha,Vibrio campbellii ATCC BAA-1116,1,109,246244,246352,1,1,465,2024388,2024852,1,1
597,fnrS,folX,511145,eco,Escherichia coli K12 MG1655,1,122,1409129,1409250,1,1,363,2421325,2421687,1,2
598,fnrS,gpmA,511145,eco,Escherichia coli K12 MG1655,1,122,1409129,1409250,1,1,753,786843,787595,2,2
599,fnrS,folE,511145,eco,Escherichia coli K12 MG1655,1,122,1409129,1409250,1,1,669,2242984,2243652,2,2
600,fnrS,maeA,511145,eco,Escherichia coli K12 MG1655,1,122,1409129,1409250,1,1,1698,1553972,1555669,2,2
601,gcvB,lrp,511145,eco,Escherichia coli K12 MG1655,1,206,2942696,2942901,1,1,495,932595,933089,1,2
602,gcvB,dppA,511145,eco,Escherichia coli K12 MG1655,1,206,2942696,2942901,1,1,1608,3706098,3707705,2,2
603,Spot_42,caiA,511145,eco,Escherichia coli K12 MG1655,1,109,4049899,4050007,1,1,1143,39244,40386,2,2
604,Spot_42,atoD,511145,eco,Escherichia coli K12 MG1655,1,109,4049899,4050007,1,1,663,2323447,2324109,1,2
605,Spot_42,puuE,511145,eco,Escherichia coli K12 MG1655,1,109,4049899,4050007,1,1,1266,1365550,1366815,1,2
606,Spot_42,paaK,511145,eco,Escherichia coli K12 MG1655,1,109,4049899,4050007,1,1,1314,1462125,1463438,1,2
607,Spot_42,fucP,511145,eco,Escherichia coli K12 MG1655,1,109,4049899,4050007,1,1,1317,2934235,2935551,1,2
608,Spot_42,ascF,511145,eco,Escherichia coli K12 MG1655,1,109,4049899,4050007,1,1,1458,2839524,2840981,1,2
609,phrS,pqsR,208964,pae,Pseudomonas aeruginosa PAO1,1,213,3705309,3705521,2,1,0,0,0,,1
610,sibA,ibsA,511145,eco,Escherichia coli K12 MG1655,1,143,2153309,2153451,1,1,60,2153349,2153408,2,2
611,micF,phoE,511145,eco,Escherichia coli K12 MG1655,1,93,2313084,2313176,1,1,1056,259045,260100,2,2
612,micF,cpxR,511145,eco,Escherichia coli K12 MG1655,1,93,2313084,2313176,1,1,699,4104972,4105670,2,2
613,Spot_42,icd,511145,eco,Escherichia coli K12 MG1655,1,109,4049899,4050007,1,1,1251,1195123,1196373,1,2
614,Spot_42,sucC,511145,eco,Escherichia coli K12 MG1655,1,109,4049899,4050007,1,1,1167,763014,764180,1,2
615,Spot_42,gdhA,511145,eco,Escherichia coli K12 MG1655,1,109,4049899,4050007,1,1,1344,1842371,1843714,1,2
616,rybB,mraZ,511145,eco,Escherichia coli K12 MG1655,1,79,887976,888054,2,1,459,89634,90092,1,2
617,fnrS,iscR,511145,eco,Escherichia coli K12 MG1655,1,122,1409129,1409250,1,1,489,2661643,2662131,2,2
618,fnrS,marA,511145,eco,Escherichia coli K12 MG1655,1,122,1409129,1409250,1,1,384,1619574,1619957,1,2
619,fnrS,nagZ,511145,eco,Escherichia coli K12 MG1655,1,122,1409129,1409250,1,1,1026,1164095,1165120,1,2
620,fnrS,sdhA,511145,eco,Escherichia coli K12 MG1655,1,122,1409129,1409250,1,1,1767,755907,757673,1,2
621,ryhB,nirB,511145,eco,Escherichia coli K12 MG1655,1,90,3580927,3581016,2,1,2544,3494011,3496554,1,2
622,ryhB,marA,511145,eco,Escherichia coli K12 MG1655,1,90,3580927,3581016,2,1,384,1619574,1619957,1,2
623,ryhB,nagZ,511145,eco,Escherichia coli K12 MG1655,1,90,3580927,3581016,2,1,1026,1164095,1165120,1,2
624,ryhB,sdhA,511145,eco,Escherichia coli K12 MG1655,1,90,3580927,3581016,2,1,1767,755907,757673,1,2
625,ryhB,erpA,511145,eco,Escherichia coli K12 MG1655,1,90,3580927,3581016,2,1,345,176610,176954,1,2
626,EcpR1,dnaA,1286640,sm2,Sinorhizobium meliloti 2011,1,101,1411709,1411809,1,1,0,0,0,,2
627,cyaR,sdhA,511145,eco,Escherichia coli K12 MG1655,1,87,2167114,2167200,1,1,1767,755907,757673,1,2
628,cyaR,manX,511145,eco,Escherichia coli K12 MG1655,1,87,2167114,2167200,1,1,972,1902048,1903019,1,2
629,cyaR,yobF,511145,eco,Escherichia coli K12 MG1655,1,87,2167114,2167200,1,1,144,1907448,1907591,2,2
630,Qrr4,VC1415,243277,vch,Vibrio cholerae O1 biovar El Tor str. N16961,0,107,908201,908307,2,1,519,1509632,1510150,1,0
631,Qrr4,VCA0017,243277,vch,Vibrio cholerae O1 biovar El Tor str. N16961,0,107,908201,908307,2,1,519,19781,20299,1,0
632,Qrr4,VCA0107,338187,vha,Vibrio campbellii ATCC BAA-1116,1,109,1833376,1833484,2,1,0,0,0,,2
633,LhrC-1,lapB,932920,lmo,Listeria monocytogenes serotype 1/2c LO28,1,111,231836,231946,1,1,5148,1737569,1742716,2,2
634,LhrC-2,lapB,932920,lmo,Listeria monocytogenes serotype 1/2c LO28,1,112,232038,232149,1,1,5148,1737569,1742716,2,2
635,LhrC-3,lapB,932920,lmo,Listeria monocytogenes serotype 1/2c LO28,1,113,232241,232353,1,1,5148,1737569,1742716,2,2
636,LhrC-4,lapB,932920,lmo,Listeria monocytogenes serotype 1/2c LO28,1,114,232445,232558,1,1,5148,1737569,1742716,2,2
637,LhrC-5,lapB,932920,lmo,Listeria monocytogenes serotype 1/2c LO28,1,111,980362,980472,1,1,5148,1737569,1742716,2,2
638,MicL,lpp,511145,eco,Escherichia coli K12 MG1655,1,80,1958441,1958520,2,1,237,1757421,1757657,1,2
640,Rli27,lmo0514,169963,lmo,Listeria monocytogenes EGD-e,1,99,434831,434929,1,1,1818,547520,549337,1,1
641,chiX,chbC,511145,eco,Escherichia coli K12 MG1655,1,84,507204,507287,1,1,1359,1819856,1821214,2,2
642,CyaR,ompX,99287,stm,Salmonella enterica subsp. enterica serovar Typhimurium str. LT2,1,87,2231130,2231216,1,1,516,899534,900049,1,2
643,fnrS,yobA,511145,eco,Escherichia coli K12 MG1655,1,122,1409129,1409250,1,1,375,1924595,1924969,2,2
644,GcvB,ybdH,216597,sey,Salmonella enterica subsp. enterica serovar Typhimurium str. SL1344,1,180,3156779,3156958,1,1,1089,663164,664252,2,2
645,RybB,fadL,216597,sey,Salmonella enterica subsp. enterica serovar Typhimurium str. SL1344,1,79,941815,941893,2,1,1314,2500105,2501418,1,2
646,RybB,ompA,216597,sey,Salmonella enterica subsp. enterica serovar Typhimurium str. SL1344,1,79,941815,941893,2,1,1053,1117287,1118339,2,2
647,RybB,ompC,216597,sey,Salmonella enterica subsp. enterica serovar Typhimurium str. SL1344,1,79,941815,941893,2,1,969,2363159,2364127,2,2
648,RybB,ompD,216597,sey,Salmonella enterica subsp. enterica serovar Typhimurium str. SL1344,1,79,941815,941893,2,1,1128,1611987,1613114,1,2
649,RybB,ompF,216597,sey,Salmonella enterica subsp. enterica serovar Typhimurium str. SL1344,1,79,941815,941893,2,1,1092,1046348,1047439,2,2
650,RybB,ompS,216597,sey,Salmonella enterica subsp. enterica serovar Typhimurium str. SL1344,1,79,941815,941893,2,1,1197,2035137,2036333,2,2
651,RybB,ompW,216597,sey,Salmonella enterica subsp. enterica serovar Typhimurium str. SL1344,1,79,941815,941893,2,1,639,1784746,1785384,1,2
652,RybB,tsx,216597,sey,Salmonella enterica subsp. enterica serovar Typhimurium str. SL1344,1,79,941815,941893,2,1,864,467023,467886,2,2
654,rybB,sdhC,511145,eco,Escherichia coli K12 MG1655,1,79,887976,888054,2,1,390,755177,755566,1,2
655,ryhB,sdhC,511145,eco,Escherichia coli K12 MG1655,1,90,3580927,3581016,2,1,390,755177,755566,1,2
656,Spot_42,sdhC,511145,eco,Escherichia coli K12 MG1655,1,109,4049899,4050007,1,1,390,755177,755566,1,2
657,SgrS,sopD,216597,sey,Salmonella enterica subsp. enterica serovar Typhimurium str. SL1344,1,232,128577,128808,1,1,954,3109160,3110113,1,2
658,SgrS,ptsG,216597,sey,Salmonella enterica subsp. enterica serovar Typhimurium str. SL1344,1,232,128577,128808,1,1,0,0,0,,2
659,SgrS,yigL,216597,sey,Salmonella enterica subsp. enterica serovar Typhimurium str. SL1344,1,232,128577,128808,1,1,801,4188437,4189237,1,1
660,Spot_42,gltA,511145,eco,Escherichia coli K12 MG1655,1,109,4049899,4050007,1,1,1284,753185,754468,2,2
662,dsrA,rcsA,511145,eco,Escherichia coli K12 MG1655,1,87,2025227,2025313,2,1,624,2023968,2024591,1,1
663,RNAIII,map,93061,sao,Staphylococcus aureus subsp. aureus NCTC 8325,1,516,2093158,2093673,2,1,0,0,0,,1
667,IpeX,ompF,511145,eco,Escherichia coli K12 MG1655,1,167,573588,573754,2,1,1089,985894,986982,2,2
668,IpeX,ompC,511145,eco,Escherichia coli K12 MG1655,1,167,573588,573754,2,1,1104,2311646,2312749,2,2
669,oxyS,pqqL,511145,eco,Escherichia coli K12 MG1655,1,110,4158285,4158394,2,1,2796,1572407,1575202,2,2
670,oxyS,uhpT,511145,eco,Escherichia coli K12 MG1655,1,110,4158285,4158394,2,1,1392,3845776,3847167,2,2
671,rdlA,ldrA,511145,eco,Escherichia coli K12 MG1655,1,67,1269323,1269389,1,1,108,1269168,1269275,2,2
672,rdlB,ldrB,511145,eco,Escherichia coli K12 MG1655,1,66,1269858,1269923,1,1,108,1269703,1269810,2,2
673,rdlC,ldrC,511145,eco,Escherichia coli K12 MG1655,1,68,1270393,1270460,1,1,108,1270238,1270345,2,2
674,gcvB,oppA,511145,eco,Escherichia coli K12 MG1655,1,206,2942696,2942901,1,1,1632,1301182,1302813,1,2
675,oxyS,dps,511145,eco,Escherichia coli K12 MG1655,1,110,4158285,4158394,2,1,504,848408,848911,2,2
676,oxyS,gadB,511145,eco,Escherichia coli K12 MG1655,1,110,4158285,4158394,2,1,1401,1570645,1572045,2,2
677,oxyS,yhiM,511145,eco,Escherichia coli K12 MG1655,1,110,4158285,4158394,2,1,1053,3634841,3635893,1,2
678,RyhB,sdhCDAB,511145,eco,Escherichia coli K12 MG1655,1,90,3580927,3581016,2,1,3228,755177,758405,1,2
680,RnaG,virG,1086030,sfm,Shigella flexneri 5a str. M90T,1,120,0,0,,1,3309,144035,147343,1,2
681,SsrA,crtMN,93061,sao,Staphylococcus aureus subsp. aureus NCTC 8325,1,362,788298,788659,1,1,0,0,0,,2
682,AniS,NMB1468,122586,nme,Neisseria meningitidis MC58,1,105,1210359,1210464,,1,324,1518242,1518565,2,2
683,AniS,prlC,122586,nme,Neisseria meningitidis MC58,1,105,1210359,1210464,,1,2037,217817,219853,1,2
684,arrS,gadE,511145,eco,Escherichia coli K12 MG1655,1,69,3657986,3658054,2,1,528,3658366,3658893,1,2
685,lmos84,lmo0302,169963,lmo,Listeria monocytogenes EGD-e,1,269,2346166,2346434,2,1,285,327621,327905,1,2
686,Qs,prgX,474186,efo,Enterococcus faecalis OG1RF,1,0,0,0,,1,0,0,0,,2
687,mntS,yliL,511145,eco,Escherichia coli K12 MG1655,1,129,852869,852997,2,1,270,851894,852163,1,2
688,mntS,aroM,511145,eco,Escherichia coli K12 MG1655,1,129,852869,852997,2,1,678,407428,408105,1,2
689,mntS,alaE,511145,eco,Escherichia coli K12 MG1655,1,129,852869,852997,2,1,450,2799164,2799613,1,2
690,mntS,tyrA,511145,eco,Escherichia coli K12 MG1655,1,129,852869,852997,2,1,1122,2738948,2740069,2,2
691,mntS,yaiA,511145,eco,Escherichia coli K12 MG1655,1,129,852869,852997,2,1,192,406979,407170,1,2
692,mntS,aroF,511145,eco,Escherichia coli K12 MG1655,1,129,852869,852997,2,1,1071,2740080,2741150,2,2
693,mntS,aroL,511145,eco,Escherichia coli K12 MG1655,1,129,852869,852997,2,1,525,406405,406929,1,2
694,mntS,opgE,511145,eco,Escherichia coli K12 MG1655,1,129,852869,852997,2,1,1584,851014,852597,2,1
695,mntS,cusF,511145,eco,Escherichia coli K12 MG1655,1,129,852869,852997,2,1,333,597131,597463,1,1
696,mntS,cusC,511145,eco,Escherichia coli K12 MG1655,1,129,852869,852997,2,1,1374,595600,596973,1,1
697,RNAIII,lytM,93061,sao,Staphylococcus aureus subsp. aureus NCTC 8325,1,516,2093158,2093673,2,1,951,267753,268703,1,2
698,AbcR1,BAB_RS17430,359391,bca,Brucella abortus 2308,1,110,508837,508946,2,1,1482,309776,311257,2,2
699,AbcR1,BAB_RS29240,359391,bca,Brucella abortus 2308,1,110,508837,508946,,1,762,604290,605051,1,2
700,AbcR1,BAB_RS30485,359391,bca,Brucella abortus 2308,1,110,508837,508946,,1,1047,864615,865661,2,2
701,AbcR2,BAB_RS17430,359391,bca,Brucella abortus 2308,1,116,1468230,1468345,,1,1482,309776,311257,2,2
702,AbcR2,BAB_RS29240,359391,bca,Brucella abortus 2308,1,116,1468230,1468345,,1,762,604290,605051,1,2
703,AbcR2,BAB_RS30485,359391,bca,Brucella abortus 2308,1,116,1468230,1468345,,1,1047,864615,865661,2,2
704,RyhB-1,STM1273.1n,99287,stm,Salmonella enterica subsp. enterica serovar Typhimurium str. LT2,1,95,3715401,3715495,2,1,186,1352946,1353131,1,2
705,RyhB-1,sodB,99287,stm,Salmonella enterica subsp. enterica serovar Typhimurium str. LT2,1,95,3715401,3715495,2,1,582,1509413,1509994,2,2
706,RyhB-1,acnA,99287,stm,Salmonella enterica subsp. enterica serovar Typhimurium str. LT2,1,95,3715401,3715495,2,1,2676,1804755,1807430,2,2
707,RyhB-1,acnB,99287,stm,Salmonella enterica subsp. enterica serovar Typhimurium str. LT2,1,95,3715401,3715495,2,1,2598,185857,188454,1,2
708,RyhB-1,ftn,99287,stm,Salmonella enterica subsp. enterica serovar Typhimurium str. LT2,1,95,3715401,3715495,2,1,498,2029391,2029888,1,2
709,RyhB-2,sodB,99287,stm,Salmonella enterica subsp. enterica serovar Typhimurium str. LT2,1,101,1352875,1352975,2,1,582,1509413,1509994,2,2
710,RyhB-2,acnA,99287,stm,Salmonella enterica subsp. enterica serovar Typhimurium str. LT2,1,101,1352875,1352975,2,1,2676,1804755,1807430,2,2
711,RyhB-2,acnB,99287,stm,Salmonella enterica subsp. enterica serovar Typhimurium str. LT2,1,101,1352875,1352975,2,1,2598,185857,188454,1,2
712,RyhB-2,ftn,99287,stm,Salmonella enterica subsp. enterica serovar Typhimurium str. LT2,1,101,1352875,1352975,2,1,498,2029391,2029888,1,2
713,PsbA2R,psbA2,1148,syn,Synechocystis sp. PCC 6803,2,180,7079,7258,1,1,1083,7229,8311,1,1
714,SbrE,LMRG_00319,393133,lms,Listeria monocytogenes 10403S,1,0,0,0,,1,417,658036,658452,1,1
715,gcvB,phoP,511145,eco,Escherichia coli K12 MG1655,1,206,2942696,2942901,1,1,672,1189776,1190447,2,2
718,ryhB,msrB,511145,eco,Escherichia coli K12 MG1655,1,90,3580927,3581016,2,1,414,1862016,1862429,2,2
719,ryhB,msrA,511145,eco,Escherichia coli K12 MG1655,0,90,3580927,3581016,2,1,639,4441538,4442176,2,0
720,gcvB,hdeA,511145,eco,Escherichia coli K12 MG1655,1,206,2942696,2942901,1,1,333,3656408,3656740,2,1
721,gcvB,hdeB,511145,eco,Escherichia coli K12 MG1655,1,206,2942696,2942901,1,1,327,3655966,3656292,2,1
722,AbcR1,livK,266834,sme,Sinorhizobium meliloti 1021,1,0,0,0,,1,1119,2668389,2669507,2,2
723,AbcR2,livK,266834,sme,Sinorhizobium meliloti 1021,0,0,0,0,,1,1119,2668389,2669507,2,0
724,RydC,cfa,216597,sey,Salmonella enterica subsp. enterica serovar Typhimurium str. SL1344,1,66,1686526,1686591,1,1,1149,1461087,1462235,2,1
725,IstR,cfa,216597,sey,Salmonella enterica subsp. enterica serovar Typhimurium str. SL1344,1,132,4019328,4019459,2,1,1149,1461087,1462235,2,1
726,Esr41,fliC,386585,ecs,Escherichia coli O157:H7 str. Sakai,1,74,1422406,1422479,1,1,1758,2624379,2626136,2,1
727,RsaA,mgrA,93061,sao,Staphylococcus aureus subsp. aureus NCTC 8325,1,139,575845,575983,1,1,444,679331,679774,2,2
728,BASRCI408,BAB1_2002,359391,bca,Brucella abortus 2308,1,"435(434 in the reference, corrected by the curator)",826744,827178,1,1,132,1939666,1939797,2,2
729,BASRCI385,purF,359391,bca,Brucella abortus 2308,2,"205(204 in the reference, corrected by the curator)",465750,465954,1,1,1491,464198,465688,2,2
730,BASRCI414,BAB_RS20005,359391,bca,Brucella abortus 2308,2,"229(228 in the reference, corrected by the curator)",830409,830637,1,1,1266,829142,830407,2,2
731,BASRCI153,BAB1_1361,359391,bca,Brucella abortus 2308,1,"214(213 in the reference, corrected by the curator)",1441442,1441655,1,1,93,1316871,1316963,2,2
732,YsrH,fabH2,502800,ypy,Yersinia pseudotuberculosis YPIII,2,64,1870503,1870566,2,1,951,1870363,1871313,1,2
733,AbcR1,frcB,176299,atu,Agrobacterium fabrum str. C58,1,117,2163254,2163370,1,1,1023,66551,67573,1,2
734,AbcR1,Atu4678,176299,atu,Agrobacterium fabrum str. C58,1,117,2163254,2163370,1,1,807,1836914,1837720,1,2
735,AbcR1,chvE,176299,atu,Agrobacterium fabrum str. C58,1,117,2163254,2163370,1,1,1065,2325655,2326719,2,2
736,AbcR1,atpH,176299,atu,Agrobacterium fabrum str. C58,1,117,2163254,2163370,1,1,561,2608634,2609194,2,1
737,AbcR1,Atu3114,176299,atu,Agrobacterium fabrum str. C58,1,117,2163254,2163370,1,1,1290,123659,124948,2,2
738,AbcR1,malE,176299,atu,Agrobacterium fabrum str. C58,1,117,2163254,2163370,1,1,1233,2580262,2581494,2,2
740,dsrA,mreB,511145,eco,Escherichia coli K12 MG1655,1,87,2025227,2025313,2,1,1044,3400044,3401087,2,2
741,PrrH,phuS,208964,pae,Pseudomonas aeruginosa PAO1,1,325,5283995,5284319,1,1,0,0,0,,2
742,PrrH,vreR,208964,pae,Pseudomonas aeruginosa PAO1,1,325,5283995,5284319,1,1,960,735487,736446,1,2
743,Qrr1,luxM,338187,vha,Vibrio campbellii ATCC BAA-1116,1,95,2983624,2983718,1,1,0,0,0,,2
744,Qrr2,luxM,338187,vha,Vibrio campbellii ATCC BAA-1116,1,109,111193,111301,1,1,0,0,0,,2
745,Qrr3,luxM,338187,vha,Vibrio campbellii ATCC BAA-1116,1,109,555291,555399,2,1,0,0,0,,2
746,Qrr4,luxM,338187,vha,Vibrio campbellii ATCC BAA-1116,1,109,1833376,1833484,2,1,0,0,0,,2
747,Qrr1,luxN,338187,vha,Vibrio campbellii ATCC BAA-1116,1,95,2983624,2983718,1,1,0,0,0,,2
748,Qrr2,luxN,338187,vha,Vibrio campbellii ATCC BAA-1116,1,109,111193,111301,1,1,0,0,0,,2
749,Qrr3,luxN,338187,vha,Vibrio campbellii ATCC BAA-1116,1,109,555291,555399,2,1,0,0,0,,2
750,Qrr4,luxN,338187,vha,Vibrio campbellii ATCC BAA-1116,1,109,1833376,1833484,2,1,0,0,0,,2
751,FasX,cpa,160490,spy,Streptococcus pyogenes M1 GAS,1,205,213738,213942,1,1,0,0,0,,2
752,FasX,113,370552,spy2,Streptococcus pyogenes MGAS10270,1,360,219013,219372,1,1,690,113039,113728,2,2
753,FasX,tee6,286636,spy6,Streptococcus pyogenes MGAS10394,1,,0,0,,1,0,0,0,,2
754,FasX,fctA,319701,spy28,Streptococcus pyogenes MGAS6180,1,360,218321,218680,1,1,0,0,0,,2
755,VqmR,VCA0068,243277,vch,Vibrio cholerae O1 biovar El Tor str. N16961,1,151,1031438,1031588,1,1,1644,77459,79102,2,2
756,VqmR,VC0200,243277,vch,Vibrio cholerae O1 biovar El Tor str. N16961,1,151,1031438,1031588,1,1,2157,206433,208589,1,2
757,VqmR,VC1063,243277,vch,Vibrio cholerae O1 biovar El Tor str. N16961,1,151,1031438,1031588,1,1,861,1130556,1131416,2,2
758,VqmR,vpsT,243277,vch,Vibrio cholerae O1 biovar El Tor str. N16961,1,151,1031438,1031588,1,1,675,901426,902100,2,2
759,VqmR,VC1865,243277,vch,Vibrio cholerae O1 biovar El Tor str. N16961,1,151,1031438,1031588,1,1,1554,2005135,2006688,1,2
760,VqmR,VC1449,243277,vch,Vibrio cholerae O1 biovar El Tor str. N16961,1,151,1031438,1031588,1,1,360,1549277,1549636,1,2
761,VqmR,VCA0917,243277,vch,Vibrio cholerae O1 biovar El Tor str. N16961,1,151,1031438,1031588,1,1,486,870338,870823,2,2
762,VqmR,VCA0591,243277,vch,Vibrio cholerae O1 biovar El Tor str. N16961,1,151,1031438,1031588,1,1,1836,528565,530400,2,2
763,CcsR1,flhR,272943,rsp,Rhodobacter sphaeroides 2.4.1,1,83,692374,692456,2,1,708,1233437,1234144,1,2
764,CcsR2,flhR,272943,rsp,Rhodobacter sphaeroides 2.4.1,1,81,692270,692350,2,1,708,1233437,1234144,1,2
765,CcsR3,flhR,272943,rsp,Rhodobacter sphaeroides 2.4.1,1,78,692158,692235,2,1,708,1233437,1234144,1,2
766,CcsR4,flhR,272943,rsp,Rhodobacter sphaeroides 2.4.1,1,78,691701,691778,2,1,708,1233437,1234144,1,2
767,RnaC,abrB,224308,bsu,Bacillus subtilis subsp. subtilis str. 168,1,,0,0,,1,291,44848,45138,2,2
769,SorY,takP,272943,rsp,Rhodobacter sphaeroides 2.4.1,1,,0,0,,1,1098,1807968,1809065,1,2
770,BSR0602,gntR,224914,bmb,Brucella melitensis bv. 1 str. 16M,1,,0,0,,1,684,102110,102793,1,2
771,AbcR1,Atu4431,176299,atu,Agrobacterium fabrum str. C58,1,117,2163254,2163370,1,1,1638,1573837,1575474,1,2
